TransactionAmount,TransactionDuration,CustomerAge,TransactionType_Credit,TransactionType_Debit,Channel_ATM,Channel_Branch,Channel_Online,Cluster
14.089999999999975,81.0,70,0,1,1,0,0,0
376.24,141.0,68,0,1,1,0,0,0
126.28999999999999,56.0,19,0,1,0,0,1,1
184.5,25.0,26,0,1,0,0,1,1
13.449999999999989,198.0,26,1,0,0,0,1,1
92.15,172.0,18,0,1,1,0,0,1
7.079999999999984,139.0,37,1,0,1,0,0,1
171.42,291.0,67,1,0,0,1,0,0
106.23000000000002,86.0,51,1,0,0,1,0,0
17.78000000000003,59.0,52,1,0,0,0,1,0
190.02000000000004,173.0,21,0,1,0,0,1,1
494.52,111.0,24,1,0,0,1,0,1
166.99,134.0,18,0,1,0,0,1,1
465.45,129.0,36,0,1,1,0,0,1
555.8,158.0,19,1,0,0,1,0,1
492.93,234.0,39,0,1,0,0,1,1
18.680000000000007,106.0,59,1,0,0,1,0,0
71.47999999999999,169.0,18,1,0,0,0,1,1
59.31999999999999,38.0,71,0,1,0,1,0,0
85.76999999999998,93.0,38,0,1,0,1,0,1
52.19999999999999,120.0,39,0,1,0,0,1,1
345.84,142.0,22,0,1,0,0,1,1
145.54,96.0,21,0,1,0,0,1,1
7.490000000000009,276.0,65,1,0,0,0,1,0
246.93,158.0,23,0,1,1,0,0,1
40.31999999999999,95.0,37,0,1,0,1,0,1
127.44999999999999,197.0,44,0,1,0,0,1,1
56.170000000000016,283.0,27,0,1,0,1,0,1
28.310000000000002,20.0,59,1,0,0,0,1,0
59.120000000000005,257.0,29,0,1,1,0,0,1
396.45,168.0,49,0,1,1,0,0,0
255.26,50.0,45,1,0,0,1,0,0
124.75999999999999,45.0,49,0,1,0,1,0,0
78.13,145.0,26,0,1,0,1,0,1
649.28,137.0,75,0,1,1,0,0,0
335.63,216.0,55,0,1,0,0,1,0
328.47,119.0,63,0,1,1,0,0,0
34.01999999999998,19.0,38,0,1,0,0,1,1
241.42,116.0,57,1,0,0,0,1,0
55.31999999999999,117.0,19,0,1,1,0,0,1
304.31,33.0,27,0,1,0,1,0,1
435.27,90.0,74,0,1,0,1,0,0
164.49,75.0,26,0,1,0,1,0,1
510.24,105.0,19,0,1,0,0,1,1
626.9,138.0,26,0,1,0,0,1,1
22.00999999999999,175.0,41,1,0,0,0,1,1
425.34,121.0,69,1,0,0,0,1,0
424.56,264.0,51,0,1,0,0,1,0
85.43,145.0,67,0,1,0,1,0,0
169.5,142.0,28,0,1,0,1,0,1
104.63,90.0,62,0,1,1,0,0,0
316.95,83.0,25,0,1,0,1,0,1
60.53999999999999,52.0,57,1,0,0,1,0,0
292.56,61.0,68,1,0,0,1,0,0
386.52,28.0,48,0,1,0,1,0,0
112.07,51.0,23,0,1,0,1,0,1
568.52,152.0,46,0,1,1,0,0,0
263.99,227.0,79,0,1,0,1,0,0
349.64,226.0,48,0,1,0,0,1,0
601.4,104.0,56,1,0,0,1,0,0
5.769999999999982,124.0,50,0,1,0,0,1,0
201.33,186.0,42,1,0,0,1,0,1
298.42,225.0,56,0,1,0,1,0,0
521.06,128.0,25,0,1,0,1,0,1
117.28,16.0,60,1,0,0,0,1,0
189.12,103.0,32,1,0,0,1,0,1
133.55,220.0,44,0,1,1,0,0,1
143.21,135.0,35,0,1,0,0,1,1
24.769999999999982,55.0,62,0,1,1,0,0,0
233.92,280.0,26,1,0,0,0,1,1
232.12,51.0,37,0,1,1,0,0,1
162.63,113.0,22,0,1,0,0,1,1
91.53,69.0,44,0,1,0,1,0,1
120.29000000000002,77.0,19,0,1,0,1,0,1
174.25,67.0,50,0,1,0,0,1,0
183.71,102.0,38,0,1,1,0,0,1
345.39,80.0,58,1,0,0,0,1,0
259.91,170.0,49,0,1,0,0,1,0
154.71,157.0,34,0,1,0,0,1,1
24.560000000000002,69.0,64,0,1,0,1,0,0
568.07,115.0,48,0,1,1,0,0,0
9.610000000000014,179.0,58,1,0,0,0,1,0
392.96,100.0,24,0,1,0,0,1,1
716.93,34.0,60,1,0,0,0,1,0
223.85,55.0,53,0,1,1,0,0,0
230.66,135.0,21,0,1,0,1,0,1
442.12,260.0,19,0,1,0,0,1,1
644.17,72.0,29,0,1,1,0,0,1
508.68,127.0,51,1,0,0,1,0,0
25.360000000000014,78.0,57,0,1,1,0,0,0
147.62,133.0,71,0,1,0,1,0,0
115.01999999999998,175.0,37,0,1,0,1,0,1
383.37,24.0,30,0,1,0,1,0,1
98.54000000000002,167.0,20,1,0,0,0,1,1
83.24000000000001,164.0,55,1,0,0,1,0,0
196.16,146.0,27,0,1,0,1,0,1
129.94,235.0,32,0,1,1,0,0,1
306.9,51.0,46,0,1,0,0,1,0
114.98000000000002,80.0,59,0,1,0,0,1,0
756.59,17.0,27,0,1,0,1,0,1
503.76,35.0,22,0,1,0,0,1,1
143.03,147.0,63,0,1,1,0,0,0
245.54,180.0,25,0,1,1,0,0,1
254.37,174.0,51,1,0,0,0,1,0
213.76,282.0,78,1,0,1,0,0,0
327.86,104.0,40,0,1,0,0,1,1
2.5,107.0,47,0,1,0,0,1,0
300.08,47.0,68,1,0,0,0,1,0
56.97999999999999,122.0,43,1,0,1,0,0,1
407.65,62.0,26,0,1,0,0,1,1
115.82999999999996,167.0,39,0,1,0,1,0,1
53.56999999999999,121.0,69,0,1,1,0,0,0
63.34,165.0,46,1,0,0,0,1,0
317.87,91.0,27,0,1,0,0,1,1
331.65,61.0,41,0,1,0,0,1,1
5.0400000000000205,41.0,56,0,1,1,0,0,0
214.54,247.0,70,1,0,0,0,1,0
598.81,158.0,57,0,1,0,1,0,0
38.14999999999998,108.0,26,0,1,0,0,1,1
124.72,105.0,33,0,1,0,1,0,1
302.45,40.000000000000014,78,1,0,0,1,0,0
208.04,273.0,47,0,1,0,0,1,0
5.769999999999982,254.0,23,1,0,0,1,0,1
381.33,75.0,56,0,1,1,0,0,0
16.160000000000025,124.0,50,0,1,1,0,0,0
486.08,68.0,18,0,1,0,0,1,1
336.39,18.0,21,0,1,0,1,0,1
234.57,120.0,23,0,1,0,0,1,1
6.0,246.0,30,0,1,0,0,1,1
227.14,294.0,18,0,1,1,0,0,1
233.74,17.0,66,1,0,0,0,1,0
113.01999999999998,166.0,69,1,0,0,1,0,0
45.849999999999994,92.0,20,0,1,1,0,0,1
514.95,142.0,41,0,1,0,0,1,1
415.5,141.0,66,0,1,1,0,0,0
265.76,92.0,54,0,1,0,0,1,0
69.4,113.0,80,0,1,0,0,1,0
332.93,293.0,35,1,0,0,1,0,1
267.9,160.0,20,0,1,0,0,1,1
496.03,265.0,61,0,1,0,1,0,0
376.26,245.0,37,0,1,1,0,0,1
83.01999999999998,171.0,36,1,0,0,0,1,1
93.25999999999999,72.0,20,1,0,0,0,1,1
35.75999999999999,122.0,23,0,1,0,1,0,1
28.53000000000003,99.0,62,0,1,0,0,1,0
139.53,177.0,53,1,0,0,0,1,0
307.57,285.0,33,0,1,0,1,0,1
60.650000000000006,53.0,56,1,0,0,1,0,0
74.86000000000001,125.0,70,0,1,0,1,0,0
117.97,137.0,51,0,1,0,1,0,0
231.91,165.0,34,0,1,1,0,0,1
126.20999999999998,268.0,75,0,1,0,1,0,0
506.28,162.0,53,1,0,0,0,1,0
304.35,36.0,31,0,1,0,1,0,1
281.85,109.0,22,0,1,1,0,0,1
119.18,96.0,56,0,1,0,1,0,0
177.19,43.0,76,0,1,0,0,1,0
260.88,36.0,22,0,1,0,1,0,1
169.47,19.0,24,0,1,0,0,1,1
73.23000000000002,14.0,26,0,1,0,1,0,1
237.06,46.0,71,0,1,0,0,1,0
34.170000000000016,54.0,54,1,0,0,0,1,0
740.25,123.0,41,0,1,0,0,1,1
453.54,82.0,58,0,1,1,0,0,0
300.47,100.0,73,0,1,0,1,0,0
110.92999999999998,201.0,19,1,0,0,1,0,1
201.69,299.0,59,0,1,1,0,0,0
399.21,109.0,59,0,1,1,0,0,0
630.36,52.0,62,0,1,1,0,0,0
10.939999999999998,245.0,60,1,0,1,0,0,0
215.9,235.0,38,0,1,1,0,0,1
226.37,141.0,49,1,0,0,1,0,0
444.89,101.0,43,1,0,0,1,0,1
280.57,24.0,25,1,0,0,0,1,1
488.54,132.0,52,0,1,0,1,0,0
3.3000000000000114,131.0,50,1,0,0,1,0,0
199.39,165.0,69,0,1,0,1,0,0
20.360000000000014,75.0,62,0,1,0,1,0,0
113.63999999999999,32.0,62,0,1,0,0,1,0
493.11,236.0,53,0,1,0,1,0,0
307.41,14.0,19,0,1,1,0,0,1
11.180000000000007,161.0,43,0,1,0,0,1,1
313.82,151.0,59,0,1,0,1,0,0
51.0,107.0,64,0,1,0,1,0,0
140.98,100.0,60,0,1,0,1,0,0
288.04,63.0,68,0,1,1,0,0,0
485.54,143.0,46,0,1,1,0,0,0
521.15,214.0,54,0,1,1,0,0,0
321.79,61.0,63,1,0,1,0,0,0
304.93,158.0,65,0,1,1,0,0,0
432.08,145.0,40,0,1,1,0,0,1
694.2,72.0,61,0,1,1,0,0,0
116.86000000000001,171.0,55,0,1,1,0,0,0
386.81,149.0,57,1,0,0,0,1,0
74.88,202.0,25,0,1,1,0,0,1
195.76,99.0,75,0,1,0,1,0,0
134.7,106.0,50,0,1,1,0,0,0
361.27,180.0,63,0,1,1,0,0,0
131.56,42.0,44,0,1,0,1,0,1
485.51,37.0,76,1,0,0,0,1,0
547.87,131.0,64,0,1,1,0,0,0
457.29999999999995,15.0,28,0,1,0,0,1,1
506.24,64.0,58,0,1,1,0,0,0
486.59,119.0,57,0,1,0,1,0,0
163.68,292.0,41,0,1,0,1,0,1
581.65,176.0,22,0,1,1,0,0,1
52.00999999999999,85.0,48,0,1,1,0,0,0
630.24,62.0,21,0,1,1,0,0,1
523.74,159.0,43,0,1,1,0,0,1
705.6,124.0,40,0,1,0,1,0,1
217.5,35.0,46,1,0,0,1,0,0
91.48000000000002,141.0,51,0,1,1,0,0,0
5.25,49.0,39,0,1,1,0,0,1
54.03,161.0,56,1,0,1,0,0,0
736.73,10.0,48,0,1,0,1,0,0
368.91,14.0,54,0,1,0,1,0,0
33.06,170.0,53,1,0,0,0,1,0
66.5,144.0,32,1,0,0,0,1,1
177.08,85.0,35,0,1,0,0,1,1
588.54,130.0,32,0,1,0,1,0,1
173.5,282.0,21,0,1,1,0,0,1
78.32999999999996,189.0,56,1,0,0,0,1,0
40.660000000000025,156.0,59,0,1,0,1,0,0
97.22,55.0,77,1,0,0,1,0,0
34.06999999999999,81.0,22,0,1,0,1,0,1
492.06,74.0,23,0,1,0,0,1,1
73.55000000000001,158.0,51,0,1,1,0,0,0
760.53,118.0,57,0,1,0,0,1,0
273.08,134.0,26,1,0,0,1,0,1
371.69,143.0,67,0,1,0,1,0,0
218.96,13.000000000000014,18,0,1,1,0,0,1
227.39,65.0,18,0,1,0,0,1,1
237.99,86.0,39,1,0,0,1,0,1
186.6,13.000000000000014,58,0,1,0,0,1,0
341.15,148.0,18,0,1,0,0,1,1
434.58,215.0,59,0,1,1,0,0,0
312.88,44.0,54,1,0,0,1,0,0
75.15,154.0,23,0,1,1,0,0,1
23.30000000000001,161.0,59,0,1,1,0,0,0
47.379999999999995,61.0,25,1,0,0,0,1,1
512.81,30.0,79,0,1,0,1,0,0
488.15,168.0,43,0,1,0,1,0,1
12.819999999999993,156.0,44,0,1,1,0,0,1
66.9,129.0,79,1,0,0,0,1,0
535.91,22.0,43,0,1,0,0,1,1
270.72,53.0,26,1,0,0,0,1,1
97.98000000000002,18.0,72,0,1,0,1,0,0
196.08,98.0,61,0,1,0,0,1,0
251.18,246.0,42,0,1,1,0,0,1
44.52000000000004,205.0,28,0,1,0,0,1,1
178.87,180.0,35,0,1,0,0,1,1
386.68,128.0,46,0,1,0,1,0,0
167.14,20.0,76,0,1,0,0,1,0
345.22,253.0,69,0,1,0,1,0,0
74.85,117.0,72,0,1,1,0,0,0
671.73,54.0,58,0,1,0,1,0,0
255.04,152.0,45,0,1,1,0,0,0
45.77000000000001,109.0,25,0,1,0,0,1,1
329.69,66.0,26,1,0,0,0,1,1
362.04,198.0,58,1,0,0,1,0,0
11.920000000000016,52.0,53,0,1,0,1,0,0
47.41999999999999,28.0,64,0,1,1,0,0,0
35.99000000000001,129.0,63,0,1,0,1,0,0
151.19,96.0,37,1,0,0,1,0,1
242.62,234.0,22,1,0,0,0,1,1
48.72,17.0,21,0,1,0,1,0,1
43.46000000000001,80.0,25,0,1,1,0,0,1
443.78999999999996,87.0,53,0,1,1,0,0,0
365.14,57.0,68,0,1,0,0,1,0
757.41,37.0,22,0,1,1,0,0,1
20.54000000000002,72.0,51,0,1,0,1,0,0
475.36,105.0,34,0,1,1,0,0,1
34.74000000000001,24.0,56,0,1,1,0,0,0
689.54,93.0,27,0,1,0,1,0,1
211.18,90.0,73,0,1,1,0,0,0
211.36,286.0,51,1,0,0,1,0,0
744.41,107.0,39,1,0,0,0,1,1
61.43000000000001,170.0,24,0,1,0,0,1,1
167.44,82.0,37,0,1,0,1,0,1
361.46,83.0,21,0,1,0,0,1,1
378.85,126.0,78,0,1,0,1,0,0
241.11,55.0,30,0,1,0,1,0,1
131.93,13.000000000000014,31,1,0,0,1,0,1
20.28000000000003,213.0,36,0,1,0,0,1,1
415.88,170.0,70,0,1,0,1,0,0
49.99000000000001,139.0,62,0,1,1,0,0,0
100.66,144.0,50,0,1,0,1,0,0
485.54,148.0,19,0,1,0,0,1,1
321.15,179.0,46,0,1,0,1,0,0
711.3,51.0,21,0,1,0,1,0,1
12.230000000000018,139.0,42,0,1,1,0,0,1
350.94,64.0,20,0,1,1,0,0,1
301.85,25.0,54,0,1,0,0,1,0
29.339999999999975,30.0,65,0,1,0,0,1,0
231.71,148.0,27,0,1,0,1,0,1
179.43,244.0,58,0,1,1,0,0,0
36.70999999999998,55.0,48,0,1,0,1,0,0
138.12,281.0,53,1,0,0,1,0,0
233.24,72.0,33,0,1,1,0,0,1
609.14,177.0,39,0,1,1,0,0,1
436.64,111.0,31,0,1,0,1,0,1
354.4,128.0,74,0,1,1,0,0,0
22.629999999999995,112.0,53,0,1,0,0,1,0
182.19,53.0,26,0,1,0,1,0,1
126.81,290.0,26,0,1,0,1,0,1
288.17,50.0,37,0,1,0,0,1,1
118.76999999999995,123.0,55,0,1,0,1,0,0
651.82,166.0,21,0,1,1,0,0,1
66.65000000000003,33.0,37,0,1,1,0,0,1
98.53,166.0,69,0,1,0,1,0,0
138.94999999999996,30.0,71,0,1,0,0,1,0
33.889999999999986,177.0,26,0,1,0,1,0,1
23.70999999999998,164.0,58,0,1,0,1,0,0
26.060000000000002,283.0,65,0,1,1,0,0,0
17.069999999999993,44.0,27,0,1,0,1,0,1
703.89,62.0,46,0,1,0,0,1,0
26.55000000000001,228.0,77,0,1,1,0,0,0
147.4,259.0,42,0,1,0,1,0,1
202.11,18.0,27,0,1,1,0,0,1
308.42,39.0,75,0,1,0,1,0,0
11.180000000000007,144.0,53,0,1,1,0,0,0
294.15,136.0,38,0,1,0,0,1,1
29.579999999999984,121.0,54,0,1,0,1,0,0
139.45,31.0,27,0,1,0,0,1,1
432.63,137.0,29,0,1,1,0,0,1
131.43,65.0,43,0,1,0,0,1,1
516.72,128.0,42,0,1,1,0,0,1
121.82,123.0,69,0,1,0,0,1,0
374.5,178.0,26,1,0,0,1,0,1
166.13,227.0,68,0,1,1,0,0,0
626.9,146.0,23,0,1,1,0,0,1
466.85,165.0,56,0,1,0,1,0,0
525.28,134.0,69,0,1,1,0,0,0
110.17000000000002,137.0,30,0,1,1,0,0,1
632.69,76.0,80,0,1,1,0,0,0
124.35,90.0,72,0,1,1,0,0,0
43.849999999999994,122.0,62,0,1,1,0,0,0
283.81,29.0,28,0,1,0,1,0,1
168.53,112.0,71,0,1,1,0,0,0
218.59,123.0,40,1,0,0,1,0,1
132.84,143.0,21,0,1,1,0,0,1
157.37,289.0,42,1,0,0,1,0,1
144.77,159.0,20,0,1,0,0,1,1
643.22,93.0,64,0,1,1,0,0,0
208.07,36.0,32,0,1,0,0,1,1
94.30000000000001,57.0,57,0,1,0,1,0,0
295.5,36.0,59,0,1,1,0,0,0
30.230000000000018,99.0,44,0,1,1,0,0,1
112.05000000000001,159.0,26,1,0,1,0,0,1
180.24,144.0,58,0,1,0,1,0,0
13.70999999999998,148.0,38,1,0,0,0,1,1
96.54000000000002,95.0,58,0,1,0,1,0,0
79.35,70.0,67,0,1,0,0,1,0
101.04000000000002,160.0,27,0,1,1,0,0,1
74.42000000000002,68.0,49,0,1,0,0,1,0
39.660000000000025,169.0,52,0,1,0,1,0,0
99.35999999999999,46.0,40,0,1,1,0,0,1
123.85,244.0,56,0,1,0,0,1,0
426.93,248.0,19,0,1,1,0,0,1
133.73,123.0,25,1,0,0,0,1,1
222.39,73.0,49,0,1,0,0,1,0
215.94,140.0,22,1,0,0,0,1,1
6.300000000000011,283.0,80,0,1,0,1,0,0
416.37,67.0,35,0,1,0,0,1,1
131.46,258.0,67,0,1,0,1,0,0
202.86,149.0,61,1,0,0,1,0,0
268.39,171.0,26,0,1,1,0,0,1
194.85,130.0,23,0,1,0,0,1,1
137.35,220.0,40,1,0,0,0,1,1
712.75,25.0,44,0,1,0,1,0,1
353.82,143.0,42,0,1,1,0,0,1
507.25,143.0,73,0,1,0,1,0,0
212.74,128.0,27,0,1,0,1,0,1
364.42,146.0,51,0,1,1,0,0,0
195.12,144.0,46,0,1,1,0,0,0
230.61,204.0,80,0,1,0,1,0,0
739.28,47.0,58,1,0,0,1,0,0
390.35,61.0,64,1,0,1,0,0,0
242.03,124.0,58,0,1,0,0,1,0
242.39,271.0,18,1,0,1,0,0,1
135.02999999999997,180.0,23,0,1,1,0,0,1
83.5,91.0,61,0,1,0,1,0,0
193.54,267.0,80,0,1,0,1,0,0
617.36,61.0,29,0,1,0,1,0,1
266.57,100.0,72,0,1,1,0,0,0
153.4,144.0,45,0,1,1,0,0,0
5.1200000000000045,90.0,34,0,1,0,1,0,1
119.11000000000001,131.0,57,0,1,1,0,0,0
119.72,123.0,30,0,1,0,1,0,1
107.4,32.0,58,0,1,0,0,1,0
115.92000000000002,57.0,53,0,1,1,0,0,0
438.04,247.0,67,0,1,1,0,0,0
677.29,287.0,27,0,1,0,0,1,1
296.0,248.0,35,0,1,0,1,0,1
299.09,84.0,36,1,0,0,1,0,1
461.52,44.0,24,1,0,0,1,0,1
100.51999999999998,110.0,50,0,1,1,0,0,0
85.35,166.0,66,0,1,1,0,0,0
79.75999999999999,170.0,39,0,1,0,1,0,1
386.38,135.0,42,0,1,0,0,1,1
165.25,106.0,35,0,1,0,0,1,1
14.29000000000002,150.0,34,0,1,1,0,0,1
232.79,145.0,55,1,0,0,1,0,0
92.29000000000002,115.0,54,0,1,0,1,0,0
293.97,153.0,68,0,1,0,1,0,0
136.32,113.0,19,0,1,0,0,1,1
251.06,34.0,36,0,1,0,0,1,1
50.170000000000016,35.0,77,1,0,1,0,0,0
21.399999999999977,258.0,34,0,1,0,1,0,1
73.28,20.999999999999986,21,0,1,0,1,0,1
70.23000000000002,260.0,38,0,1,1,0,0,1
689.29,100.0,22,0,1,1,0,0,1
745.03,231.0,28,0,1,0,0,1,1
54.610000000000014,160.0,58,0,1,1,0,0,0
54.05000000000001,146.0,27,0,1,0,1,0,1
107.47,144.0,67,0,1,0,0,1,0
611.11,282.0,20,0,1,1,0,0,1
219.63,44.0,48,0,1,1,0,0,0
188.7,123.0,54,0,1,0,1,0,0
93.51999999999998,97.0,51,0,1,0,0,1,0
275.92,107.0,62,1,0,0,1,0,0
376.79,265.0,68,0,1,0,1,0,0
8.980000000000018,56.0,66,0,1,0,0,1,0
697.32,91.0,68,0,1,0,0,1,0
17.44999999999999,88.0,18,0,1,1,0,0,1
302.16,138.0,80,0,1,0,0,1,0
442.74,136.0,23,0,1,0,1,0,1
623.9,249.0,27,0,1,1,0,0,1
445.41,235.0,35,0,1,1,0,0,1
63.41,36.0,26,0,1,1,0,0,1
346.85,88.0,44,0,1,1,0,0,1
71.94999999999999,53.0,59,1,0,0,0,1,0
7.5,36.0,63,0,1,0,0,1,0
206.46,279.0,65,0,1,1,0,0,0
423.11,47.0,60,0,1,1,0,0,0
35.839999999999975,172.0,54,1,0,0,0,1,0
88.6,105.0,28,1,0,0,1,0,1
53.81,37.0,55,1,0,1,0,0,0
22.45999999999998,78.0,54,0,1,0,0,1,0
334.89,260.0,21,0,1,0,0,1,1
319.27,59.0,54,1,0,0,0,1,0
144.3,88.0,18,0,1,1,0,0,1
348.7,149.0,69,1,0,0,1,0,0
366.21,181.0,62,0,1,1,0,0,0
99.11000000000001,12.0,55,0,1,0,0,1,0
539.35,127.0,55,0,1,1,0,0,0
188.99,92.0,58,0,1,0,1,0,0
710.14,227.0,26,0,1,1,0,0,1
308.68,170.0,53,0,1,0,0,1,0
166.68,139.0,57,0,1,1,0,0,0
0.9900000000000091,133.0,45,0,1,1,0,0,0
505.19,128.0,30,0,1,1,0,0,1
66.57999999999998,79.0,23,0,1,0,1,0,1
223.43,178.0,77,0,1,0,1,0,0
659.95,114.0,60,0,1,0,0,1,0
634.86,45.0,27,0,1,1,0,0,1
286.5,60.0,30,1,0,0,1,0,1
322.96,168.0,76,1,0,0,1,0,0
654.48,114.0,19,0,1,0,1,0,1
157.97,140.0,48,0,1,0,1,0,0
120.9,52.0,40,0,1,0,1,0,1
254.77,57.0,57,0,1,0,1,0,0
149.25,142.0,39,0,1,1,0,0,1
3.420000000000016,158.0,43,1,0,0,0,1,1
68.19,189.0,40,1,0,0,0,1,1
493.42,111.0,39,0,1,0,1,0,1
37.56999999999999,42.0,57,0,1,1,0,0,0
127.0,68.0,19,1,0,0,1,0,1
96.88999999999999,53.0,59,0,1,1,0,0,0
448.33,161.0,25,0,1,1,0,0,1
8.649999999999977,273.0,48,0,1,0,0,1,0
65.57,82.0,41,0,1,0,0,1,1
539.81,177.0,46,0,1,0,0,1,0
363.53,142.0,63,0,1,1,0,0,0
64.9,72.0,51,1,0,0,1,0,0
358.18,157.0,18,0,1,1,0,0,1
167.2,84.0,30,0,1,0,1,0,1
121.91,133.0,60,0,1,0,1,0,0
137.57,70.0,54,0,1,0,0,1,0
534.62,45.0,55,0,1,0,0,1,0
463.9200000000001,199.0,50,0,1,0,0,1,0
320.14,96.0,60,0,1,0,0,1,0
214.93,52.0,28,0,1,0,0,1,1
660.02,84.0,20,0,1,0,1,0,1
345.81,135.0,40,0,1,0,1,0,1
143.54,80.0,71,0,1,1,0,0,0
42.55000000000004,29.0,53,0,1,0,1,0,0
541.79,125.0,22,0,1,1,0,0,1
40.56999999999999,63.0,26,0,1,0,1,0,1
120.24000000000001,131.0,18,0,1,0,1,0,1
498.67,244.0,28,0,1,0,0,1,1
227.22,220.0,53,0,1,1,0,0,0
56.94,74.0,76,1,0,0,0,1,0
629.8199999999999,159.0,68,0,1,1,0,0,0
59.44,176.0,35,0,1,0,0,1,1
186.69,54.0,30,0,1,0,1,0,1
230.46,179.0,19,0,1,0,0,1,1
65.09,159.0,44,1,0,0,0,1,1
457.09,63.0,55,1,0,0,0,1,0
552.02,100.0,44,1,0,1,0,0,1
377.12,61.0,34,0,1,1,0,0,1
204.56,179.0,18,1,0,0,1,0,1
420.28,144.0,35,0,1,0,1,0,1
97.09,202.0,24,0,1,1,0,0,1
124.59,171.0,27,0,1,0,1,0,1
73.88,34.0,39,0,1,0,0,1,1
77.43,169.0,21,0,1,0,0,1,1
106.15999999999997,277.0,56,0,1,1,0,0,0
245.93,172.0,54,0,1,0,1,0,0
622.41,125.0,64,0,1,1,0,0,0
43.72999999999999,145.0,34,0,1,1,0,0,1
2.0299999999999727,28.0,33,1,0,1,0,0,1
260.31,113.0,63,0,1,0,1,0,0
356.1,187.0,26,1,0,0,1,0,1
27.069999999999993,39.0,80,1,0,0,1,0,0
119.88999999999999,60.0,67,0,1,1,0,0,0
106.38999999999999,281.0,37,0,1,0,0,1,1
12.04000000000002,58.0,37,0,1,0,0,1,1
365.7,115.0,21,0,1,0,1,0,1
29.379999999999995,63.0,28,1,0,0,1,0,1
319.85,148.0,60,0,1,1,0,0,0
350.14,38.0,75,1,0,0,0,1,0
163.94,73.0,52,1,0,0,1,0,0
170.53,58.0,24,0,1,0,1,0,1
262.22,136.0,40,1,0,1,0,0,1
41.49000000000001,13.000000000000014,24,0,1,0,0,1,1
121.43,243.0,52,1,0,0,1,0,0
350.46,165.0,51,0,1,0,1,0,0
220.40999999999997,155.0,26,1,0,0,0,1,1
33.45999999999998,111.0,72,0,1,1,0,0,0
104.79000000000002,223.0,70,0,1,1,0,0,0
246.27,141.0,29,0,1,0,0,1,1
48.849999999999994,176.0,19,0,1,1,0,0,1
332.0,17.0,69,0,1,1,0,0,0
118.1,167.0,54,0,1,0,0,1,0
84.59,10.0,67,1,0,0,1,0,0
295.64,82.0,21,0,1,0,0,1,1
514.33,160.0,25,0,1,0,1,0,1
94.58999999999997,34.0,39,0,1,0,0,1,1
80.43,157.0,59,0,1,0,1,0,0
54.25,37.0,68,0,1,0,0,1,0
178.88,93.0,76,1,0,0,1,0,0
518.85,82.0,22,0,1,0,0,1,1
10.649999999999977,161.0,54,0,1,0,0,1,0
198.62,84.0,27,1,0,0,1,0,1
107.03,73.0,27,0,1,0,1,0,1
139.57,263.0,19,0,1,1,0,0,1
312.47,148.0,49,0,1,1,0,0,0
346.11,213.0,41,0,1,0,1,0,1
138.06,159.0,44,0,1,0,1,0,1
158.02,120.0,49,0,1,1,0,0,0
435.5,112.0,55,0,1,1,0,0,0
110.49000000000001,47.999999999999986,57,0,1,0,0,1,0
329.4,68.0,34,0,1,0,0,1,1
635.4,106.0,47,0,1,1,0,0,0
175.07,169.0,26,0,1,0,1,0,1
7.310000000000002,282.0,78,0,1,0,1,0,0
175.14999999999998,32.0,27,0,1,1,0,0,1
32.54000000000002,183.0,25,0,1,0,0,1,1
121.82,119.0,60,0,1,0,0,1,0
56.119999999999976,102.0,30,0,1,1,0,0,1
424.7,178.0,56,1,0,0,0,1,0
35.160000000000025,130.0,32,0,1,0,1,0,1
35.73000000000002,87.0,65,0,1,0,1,0,0
3.4399999999999977,108.0,78,0,1,1,0,0,0
139.03,81.0,50,1,0,0,0,1,0
254.92,169.0,28,1,0,1,0,0,1
115.11000000000001,139.0,28,0,1,0,0,1,1
171.11,171.0,57,0,1,1,0,0,0
168.54,142.0,70,0,1,1,0,0,0
420.76,76.0,51,0,1,0,1,0,0
408.46,28.0,64,0,1,0,1,0,0
342.17,247.0,21,1,0,0,1,0,1
580.71,95.0,53,0,1,1,0,0,0
253.47,238.0,20,0,1,0,1,0,1
22.810000000000002,75.0,62,0,1,0,0,1,0
266.57,96.0,39,1,0,0,0,1,1
374.61,37.0,75,1,0,0,0,1,0
339.35,70.0,78,1,0,1,0,0,0
9.829999999999984,86.0,24,0,1,1,0,0,1
135.57,116.0,51,1,0,0,1,0,0
340.05,37.0,43,0,1,1,0,0,1
283.45,127.0,27,0,1,0,1,0,1
100.99000000000001,114.0,68,0,1,1,0,0,0
90.88,176.0,18,0,1,0,1,0,1
655.15,264.0,26,0,1,1,0,0,1
320.55,118.0,50,0,1,0,0,1,0
41.50999999999999,47.999999999999986,28,0,1,0,0,1,1
71.52999999999997,39.0,68,1,0,0,1,0,0
467.13,45.0,54,1,0,0,1,0,0
235.4,70.0,28,0,1,0,1,0,1
159.32,100.0,18,0,1,0,1,0,1
50.829999999999984,47.999999999999986,30,1,0,0,0,1,1
56.889999999999986,56.0,59,1,0,0,1,0,0
20.21999999999997,138.0,43,0,1,1,0,0,1
50.400000000000006,84.0,36,0,1,0,1,0,1
73.88,131.0,53,0,1,0,1,0,0
119.60999999999999,53.0,33,0,1,1,0,0,1
116.57999999999998,247.0,43,0,1,0,1,0,1
391.96,79.0,64,0,1,1,0,0,0
156.26,160.0,46,1,0,0,1,0,0
427.0,163.0,49,1,0,0,1,0,0
443.68,137.0,18,0,1,1,0,0,1
101.75999999999999,26.0,31,0,1,0,1,0,1
67.57,107.0,37,0,1,0,1,0,1
326.29,179.0,56,0,1,0,0,1,0
158.56,100.0,33,0,1,1,0,0,1
56.02000000000004,142.0,27,0,1,0,0,1,1
288.28,36.0,27,0,1,0,0,1,1
245.67,107.0,24,1,0,0,1,0,1
152.18,176.0,39,1,0,0,0,1,1
114.35,20.999999999999986,41,1,0,0,1,0,1
373.27,79.0,61,1,0,0,0,1,0
504.63,168.0,60,0,1,0,0,1,0
126.22,77.0,46,0,1,1,0,0,0
8.370000000000005,135.0,63,0,1,1,0,0,0
197.49,30.0,53,1,0,0,0,1,0
637.97,90.0,58,0,1,0,1,0,0
13.519999999999982,65.0,26,0,1,1,0,0,1
432.1,240.0,49,0,1,1,0,0,0
375.17,66.0,51,0,1,1,0,0,0
642.68,94.0,50,0,1,0,1,0,0
78.44,292.0,52,1,0,0,0,1,0
139.72,201.0,49,0,1,0,1,0,0
499.99,296.0,31,0,1,0,1,0,1
10.069999999999993,49.0,24,0,1,0,0,1,1
120.62,85.0,23,0,1,1,0,0,1
578.49,180.0,59,0,1,0,1,0,0
119.30000000000001,22.0,34,0,1,0,1,0,1
280.92,168.0,41,0,1,0,0,1,1
42.420000000000016,102.0,21,0,1,0,0,1,1
77.03,259.0,67,0,1,1,0,0,0
22.589999999999975,45.0,62,0,1,1,0,0,0
568.76,155.0,51,0,1,1,0,0,0
25.939999999999998,211.0,58,1,0,0,0,1,0
105.94,207.0,51,0,1,0,1,0,0
733.29,94.0,52,0,1,1,0,0,0
350.15,195.0,21,1,0,1,0,0,1
183.67,238.0,19,0,1,0,0,1,1
278.27,123.0,29,0,1,0,1,0,1
470.3,88.0,40,0,1,1,0,0,1
261.69,84.0,53,0,1,1,0,0,0
365.04,94.0,22,0,1,0,1,0,1
211.1,136.0,57,0,1,0,1,0,0
21.49000000000001,240.0,58,0,1,1,0,0,0
63.579999999999984,199.0,18,0,1,1,0,0,1
321.86,167.0,63,0,1,1,0,0,0
12.110000000000014,127.0,75,0,1,0,1,0,0
642.54,28.0,44,0,1,0,1,0,1
210.45,146.0,27,0,1,1,0,0,1
313.65,173.0,55,1,0,0,1,0,0
99.75999999999999,131.0,26,0,1,0,1,0,1
115.32,113.0,53,0,1,0,1,0,0
33.610000000000014,72.0,23,0,1,0,0,1,1
498.59,32.0,33,1,0,0,0,1,1
98.81,91.0,27,0,1,0,1,0,1
1.8700000000000045,147.0,65,0,1,1,0,0,0
78.92000000000002,95.0,59,1,0,0,0,1,0
194.29,10.0,39,1,0,0,1,0,1
28.730000000000018,185.0,53,0,1,1,0,0,0
105.53,88.0,24,0,1,0,0,1,1
737.34,34.0,30,0,1,0,0,1,1
237.86,210.0,18,0,1,1,0,0,1
409.61,89.0,65,0,1,0,1,0,0
75.53,157.0,21,1,0,0,0,1,1
72.75,15.0,64,0,1,1,0,0,0
39.110000000000014,143.0,26,0,1,0,0,1,1
729.38,90.0,68,0,1,1,0,0,0
137.49,50.0,34,0,1,1,0,0,1
504.71,61.0,29,0,1,0,0,1,1
371.47,58.0,24,1,0,0,1,0,1
430.35,205.0,36,0,1,0,0,1,1
230.32,56.0,35,0,1,0,1,0,1
121.70999999999998,140.0,52,0,1,1,0,0,0
98.87,179.0,20,0,1,0,0,1,1
117.55000000000001,35.0,24,0,1,1,0,0,1
244.64,103.0,30,0,1,0,1,0,1
321.93,12.0,45,0,1,1,0,0,0
283.23,98.0,40,0,1,0,0,1,1
346.65,60.0,30,0,1,0,0,1,1
381.62,164.0,64,0,1,0,0,1,0
388.65,43.0,76,0,1,1,0,0,0
29.21999999999997,151.0,24,0,1,1,0,0,1
46.75,150.0,67,0,1,0,1,0,0
348.64,128.0,57,0,1,0,0,1,0
319.17,81.0,73,0,1,0,0,1,0
73.94999999999999,76.0,26,0,1,1,0,0,1
389.63,99.0,27,0,1,0,0,1,1
217.61,45.0,19,0,1,1,0,0,1
199.84,150.0,21,0,1,1,0,0,1
56.349999999999994,75.0,44,0,1,1,0,0,1
248.95,29.0,65,1,0,0,1,0,0
142.58,145.0,33,0,1,1,0,0,1
84.34,248.0,58,0,1,0,0,1,0
333.78,98.0,60,0,1,1,0,0,0
332.59,143.0,55,0,1,0,0,1,0
236.81,15.0,22,0,1,0,1,0,1
417.8,130.0,27,1,0,0,1,0,1
319.27,150.0,50,0,1,1,0,0,0
384.1,172.0,42,0,1,0,1,0,1
474.77,50.0,56,1,0,0,0,1,0
542.72,92.0,43,1,0,0,1,0,1
79.80000000000001,76.0,73,0,1,1,0,0,0
46.24000000000001,52.0,57,0,1,0,1,0,0
327.8,54.0,61,0,1,1,0,0,0
445.79,161.0,52,0,1,1,0,0,0
55.889999999999986,150.0,72,0,1,0,0,1,0
158.41,16.0,28,0,1,0,1,0,1
101.19,75.0,64,1,0,0,0,1,0
61.97,95.0,74,0,1,1,0,0,0
27.20999999999998,102.0,79,0,1,1,0,0,0
173.74,64.0,80,0,1,0,0,1,0
176.11,105.0,38,0,1,0,1,0,1
88.4,174.0,46,0,1,0,0,1,0
567.92,14.0,53,0,1,0,0,1,0
138.11,104.0,68,1,0,0,0,1,0
456.93,193.0,28,1,0,0,1,0,1
101.42000000000002,146.0,66,0,1,0,0,1,0
300.61,51.0,44,0,1,0,0,1,1
265.94,132.0,54,0,1,0,0,1,0
345.54,50.0,29,0,1,0,0,1,1
411.52,88.0,41,0,1,1,0,0,1
111.20999999999998,111.0,35,0,1,0,1,0,1
316.37,86.0,53,0,1,1,0,0,0
260.63,142.0,37,0,1,0,1,0,1
92.36000000000001,144.0,29,0,1,1,0,0,1
262.06,118.0,63,0,1,0,1,0,0
64.5,230.0,74,0,1,1,0,0,0
253.55,85.0,28,0,1,1,0,0,1
408.28,125.0,21,1,0,0,1,0,1
175.94,89.0,57,0,1,1,0,0,0
199.47,142.0,57,0,1,0,0,1,0
51.06999999999999,133.0,63,0,1,0,1,0,0
435.86,134.0,56,0,1,1,0,0,0
74.73000000000002,162.0,64,1,0,0,1,0,0
182.79,14.0,23,1,0,0,0,1,1
628.36,108.0,44,0,1,0,0,1,1
268.39,177.0,29,0,1,0,0,1,1
362.27,47.0,80,0,1,1,0,0,0
560.15,92.0,50,1,0,0,0,1,0
351.99,45.0,80,0,1,1,0,0,0
132.36,160.0,28,0,1,0,1,0,1
24.769999999999982,17.0,40,1,0,0,0,1,1
668.67,143.0,44,0,1,0,0,1,1
80.24000000000001,58.0,53,1,0,0,1,0,0
8.649999999999977,198.0,68,0,1,1,0,0,0
178.91,19.0,18,0,1,1,0,0,1
115.22,108.0,27,0,1,0,1,0,1
161.63,276.0,46,0,1,0,0,1,0
542.75,63.0,70,1,0,0,1,0,0
317.47,16.0,67,1,0,0,0,1,0
280.99,29.0,45,0,1,0,1,0,0
24.189999999999998,28.0,29,0,1,1,0,0,1
586.85,86.0,36,0,1,1,0,0,1
372.41,143.0,55,0,1,1,0,0,0
63.170000000000016,148.0,20,0,1,1,0,0,1
383.69,285.0,54,0,1,0,0,1,0
247.17,149.0,65,1,0,0,1,0,0
48.78,136.0,18,1,0,0,1,0,1
4.149999999999977,119.0,60,1,0,0,1,0,0
60.99000000000001,58.0,34,0,1,0,1,0,1
408.19,241.0,26,0,1,0,1,0,1
524.6,76.0,58,0,1,0,1,0,0
108.95999999999998,247.0,26,0,1,1,0,0,1
70.03,49.0,63,0,1,0,1,0,0
124.84,79.0,52,0,1,0,0,1,0
324.04,30.0,54,0,1,1,0,0,0
39.69,163.0,70,0,1,0,0,1,0
157.7,46.0,58,1,0,0,1,0,0
81.26999999999998,68.0,22,1,0,0,0,1,1
193.82,176.0,37,0,1,0,1,0,1
16.730000000000018,165.0,79,0,1,0,0,1,0
474.05,214.0,57,0,1,1,0,0,0
39.20999999999998,245.0,66,0,1,1,0,0,0
637.75,152.0,79,0,1,0,1,0,0
153.59,174.0,66,1,0,0,1,0,0
186.6,139.0,18,0,1,0,1,0,1
644.08,55.0,24,0,1,0,0,1,1
226.66,168.0,41,0,1,0,1,0,1
305.0,222.0,22,0,1,1,0,0,1
233.1,37.0,42,1,0,0,1,0,1
224.19,93.0,52,0,1,1,0,0,0
214.83,63.0,23,1,0,1,0,0,1
163.46,111.0,63,1,0,0,1,0,0
194.99,91.0,34,0,1,0,1,0,1
23.399999999999977,175.0,46,0,1,1,0,0,0
227.5,277.0,34,0,1,0,0,1,1
259.9,100.0,26,0,1,0,0,1,1
59.50999999999999,55.0,36,1,0,0,0,1,1
50.629999999999995,143.0,64,0,1,0,0,1,0
112.93999999999997,31.0,73,1,0,0,0,1,0
11.810000000000002,131.0,21,0,1,1,0,0,1
329.14,14.0,55,0,1,0,1,0,0
154.24,82.0,61,0,1,1,0,0,0
233.44,297.0,20,0,1,0,0,1,1
141.8,116.0,18,0,1,1,0,0,1
209.03,126.0,55,0,1,0,1,0,0
261.14,162.0,42,0,1,1,0,0,1
101.81,105.0,45,0,1,1,0,0,0
98.70999999999998,117.0,32,0,1,1,0,0,1
87.38,252.0,21,0,1,0,1,0,1
83.38999999999999,158.0,32,0,1,0,1,0,1
267.55,40.000000000000014,46,0,1,0,0,1,0
154.32,269.0,38,1,0,1,0,0,1
164.51,110.0,78,0,1,0,1,0,0
758.12,90.0,69,0,1,1,0,0,0
103.75999999999999,188.0,28,0,1,0,0,1,1
583.92,139.0,55,0,1,0,0,1,0
204.06,159.0,77,0,1,0,0,1,0
53.50999999999999,165.0,56,0,1,0,0,1,0
52.94999999999999,14.0,68,1,0,0,0,1,0
120.17000000000002,105.0,49,0,1,1,0,0,0
220.8,28.0,31,0,1,0,0,1,1
119.00999999999999,87.0,45,0,1,1,0,0,0
183.32,74.0,21,0,1,1,0,0,1
11.45999999999998,128.0,41,1,0,0,0,1,1
61.370000000000005,164.0,75,0,1,0,1,0,0
103.07999999999998,150.0,49,1,0,0,1,0,0
1.2099999999999795,196.0,55,0,1,0,1,0,0
425.18,172.0,26,1,0,0,0,1,1
60.96000000000001,238.0,52,0,1,1,0,0,0
64.20999999999998,37.0,51,0,1,1,0,0,0
523.02,83.0,53,0,1,0,0,1,0
50.25999999999999,164.0,65,0,1,0,1,0,0
110.07999999999996,95.0,19,0,1,0,1,0,1
54.47,34.0,23,1,0,0,1,0,1
79.75999999999999,115.0,68,0,1,0,0,1,0
16.79000000000002,146.0,30,1,0,0,0,1,1
68.61999999999998,157.0,29,0,1,0,1,0,1
157.16,280.0,20,0,1,0,1,0,1
643.3800000000001,105.0,18,1,0,0,0,1,1
328.34,31.0,42,1,0,0,0,1,1
72.68,44.0,69,0,1,0,0,1,0
354.76,279.0,51,0,1,0,1,0,0
29.21999999999997,69.0,27,0,1,1,0,0,1
653.97,100.0,37,0,1,0,0,1,1
366.43,92.0,21,1,0,0,0,1,1
120.86000000000001,162.0,33,0,1,0,0,1,1
233.74,142.0,72,0,1,0,0,1,0
471.8399999999999,138.0,18,0,1,1,0,0,1
213.4,100.0,73,1,0,0,1,0,0
254.21,46.0,48,0,1,1,0,0,0
577.73,63.0,37,0,1,1,0,0,1
170.26,265.0,27,0,1,1,0,0,1
337.73,107.0,78,0,1,0,0,1,0
330.61,113.0,64,1,0,0,1,0,0
132.33,47.0,35,1,0,1,0,0,1
672.74,118.0,46,1,0,0,1,0,0
74.04000000000002,66.0,18,0,1,0,0,1,1
197.18,135.0,28,0,1,0,0,1,1
21.149999999999977,180.0,70,0,1,0,1,0,0
218.37,105.0,62,0,1,1,0,0,0
590.01,140.0,29,0,1,0,0,1,1
697.82,153.0,44,0,1,0,0,1,1
302.76,88.0,38,0,1,1,0,0,1
148.0,35.0,20,0,1,0,1,0,1
22.25999999999999,56.0,19,0,1,0,1,0,1
0.8600000000000136,139.0,25,0,1,1,0,0,1
757.1,203.0,65,0,1,0,1,0,0
38.81,145.0,25,1,0,0,0,1,1
76.50999999999999,120.0,49,1,0,0,0,1,0
32.45999999999998,10.0,31,0,1,0,0,1,1
20.639999999999986,59.0,22,0,1,0,1,0,1
662.11,219.0,23,0,1,0,1,0,1
288.77,110.0,55,0,1,1,0,0,0
35.05000000000001,105.0,30,0,1,0,1,0,1
214.73,26.0,46,1,0,1,0,0,0
25.379999999999995,66.0,57,0,1,0,1,0,0
617.66,40.000000000000014,41,0,1,1,0,0,1
446.39,77.0,63,0,1,1,0,0,0
377.92,204.0,33,0,1,0,1,0,1
11.04000000000002,43.0,30,0,1,0,0,1,1
275.46,67.0,36,0,1,1,0,0,1
179.76,81.0,78,0,1,0,0,1,0
32.339999999999975,45.0,44,0,1,0,1,0,1
273.92,109.0,79,0,1,0,1,0,0
375.45,32.0,19,0,1,0,1,0,1
388.98,155.0,23,0,1,1,0,0,1
492.84,38.0,25,0,1,1,0,0,1
148.85,25.0,57,0,1,1,0,0,0
119.94999999999999,47.0,62,1,0,0,1,0,0
391.66,103.0,50,0,1,0,1,0,0
185.99,53.0,41,1,0,0,1,0,1
322.48,57.0,27,0,1,1,0,0,1
20.269999999999982,22.0,18,0,1,0,1,0,1
280.61,129.0,47,0,1,1,0,0,0
199.02,269.0,61,0,1,1,0,0,0
104.23000000000002,108.0,63,1,0,0,0,1,0
353.59,109.0,52,1,0,0,1,0,0
55.860000000000014,68.0,39,0,1,0,0,1,1
10.769999999999982,178.0,31,0,1,1,0,0,1
95.54999999999998,51.0,33,0,1,0,1,0,1
477.07,278.0,27,0,1,0,0,1,1
9.100000000000023,63.0,52,1,0,0,0,1,0
21.410000000000025,99.0,57,0,1,0,0,1,0
278.28,26.0,28,0,1,0,1,0,1
388.1,40.000000000000014,73,1,0,0,0,1,0
215.39,216.0,27,0,1,1,0,0,1
194.37,161.0,66,0,1,1,0,0,0
37.69999999999999,109.0,20,0,1,1,0,0,1
19.589999999999975,122.0,64,0,1,0,1,0,0
81.35,103.0,41,0,1,0,0,1,1
314.54,228.0,58,1,0,0,1,0,0
466.64,11.0,58,0,1,1,0,0,0
397.01,100.0,22,0,1,1,0,0,1
472.48,87.0,55,0,1,0,1,0,0
67.15,14.0,59,0,1,0,0,1,0
102.67000000000002,119.0,79,0,1,0,1,0,0
460.09,146.0,35,1,0,0,0,1,1
453.49,147.0,66,0,1,0,1,0,0
267.17,170.0,26,0,1,1,0,0,1
111.25999999999999,43.0,66,0,1,1,0,0,0
121.17000000000002,158.0,68,0,1,1,0,0,0
213.28,94.0,51,0,1,0,1,0,0
187.88,180.0,60,0,1,1,0,0,0
471.88,141.0,34,1,0,0,0,1,1
83.79000000000002,47.0,57,0,1,1,0,0,0
212.14,105.0,72,0,1,0,1,0,0
99.16,202.0,79,0,1,0,0,1,0
29.910000000000025,43.0,76,1,0,0,0,1,0
4.240000000000009,38.0,38,0,1,0,0,1,1
50.28999999999999,64.0,58,1,0,0,0,1,0
135.85,269.0,57,0,1,0,0,1,0
368.53,34.0,68,0,1,0,1,0,0
17.94999999999999,135.0,64,1,0,0,1,0,0
127.80000000000001,47.0,31,1,0,0,1,0,1
16.730000000000018,47.999999999999986,45,0,1,0,0,1,0
317.12,80.0,44,0,1,0,1,0,1
476.63,115.0,79,0,1,1,0,0,0
156.58,160.0,24,0,1,0,1,0,1
55.12000000000003,261.0,34,1,0,0,0,1,1
15.740000000000009,38.0,27,0,1,0,1,0,1
353.68,145.0,70,0,1,0,0,1,0
297.15,178.0,76,0,1,0,0,1,0
647.85,121.0,36,0,1,0,1,0,1
75.04000000000002,178.0,49,0,1,1,0,0,0
273.92,35.0,28,0,1,0,0,1,1
215.8,66.0,51,1,0,0,1,0,0
420.6,55.0,26,0,1,0,1,0,1
688.36,22.0,23,1,0,0,1,0,1
285.18,150.0,55,1,0,0,1,0,0
213.55,15.0,63,0,1,1,0,0,0
463.11,159.0,51,1,0,0,1,0,0
150.03,176.0,73,0,1,1,0,0,0
428.61,131.0,51,0,1,0,1,0,0
309.56,147.0,58,0,1,0,0,1,0
377.08,71.0,26,1,0,0,1,0,1
77.25000000000003,157.0,68,0,1,0,1,0,0
146.92,272.0,64,0,1,1,0,0,0
126.6,146.0,22,0,1,0,1,0,1
101.33999999999997,46.0,24,0,1,1,0,0,1
184.97,268.0,58,0,1,0,1,0,0
451.15,175.0,46,0,1,1,0,0,0
516.47,94.0,25,1,0,1,0,0,1
353.69,163.0,59,0,1,0,0,1,0
66.69000000000003,140.0,25,1,0,0,1,0,1
95.75,169.0,31,0,1,0,1,0,1
43.91,86.0,27,0,1,0,0,1,1
98.03,165.0,54,0,1,0,1,0,0
617.66,128.0,42,0,1,1,0,0,1
107.48000000000002,129.0,22,0,1,0,1,0,1
36.56999999999999,69.0,62,0,1,1,0,0,0
575.62,129.0,43,0,1,0,0,1,1
84.88999999999999,70.0,37,0,1,1,0,0,1
180.65,38.0,22,0,1,0,1,0,1
7.759999999999991,84.0,52,1,0,0,0,1,0
109.30000000000001,27.0,56,0,1,0,1,0,0
230.08,124.0,79,0,1,0,0,1,0
361.92,111.0,54,0,1,1,0,0,0
71.29000000000002,55.0,68,0,1,1,0,0,0
122.44999999999999,98.0,46,0,1,0,1,0,0
642.53,128.0,65,0,1,1,0,0,0
62.860000000000014,31.0,25,0,1,0,1,0,1
175.21,69.0,69,1,0,1,0,0,0
168.0,11.0,32,1,0,0,1,0,1
11.45999999999998,73.0,67,0,1,0,0,1,0
382.07,147.0,62,1,0,0,1,0,0
13.480000000000018,20.0,18,0,1,0,0,1,1
65.32,54.0,28,0,1,1,0,0,1
83.07000000000002,291.0,27,0,1,0,1,0,1
730.1,93.0,77,1,0,0,1,0,0
85.31,27.0,62,0,1,1,0,0,0
726.61,277.0,18,0,1,1,0,0,1
130.4,63.0,45,0,1,0,1,0,0
68.1,47.0,20,0,1,1,0,0,1
65.25999999999999,72.0,26,0,1,0,1,0,1
191.62,51.0,63,0,1,0,1,0,0
212.88,122.0,39,0,1,0,0,1,1
88.38,138.0,30,0,1,1,0,0,1
48.77000000000001,51.0,42,1,0,0,0,1,1
289.1,206.0,27,0,1,1,0,0,1
390.09,49.0,26,0,1,0,0,1,1
48.28999999999999,242.0,37,0,1,0,0,1,1
333.83,135.0,63,0,1,1,0,0,0
100.26999999999998,51.0,79,0,1,0,0,1,0
44.53999999999999,164.0,31,0,1,1,0,0,1
82.17000000000002,20.999999999999986,28,0,1,0,1,0,1
447.42,65.0,32,0,1,0,0,1,1
590.26,47.999999999999986,25,1,0,0,1,0,1
192.73,157.0,71,0,1,0,1,0,0
146.01,269.0,26,0,1,0,0,1,1
136.05,63.0,24,0,1,0,0,1,1
11.569999999999993,64.0,56,1,0,0,1,0,0
102.34,78.0,51,0,1,0,0,1,0
7.819999999999993,273.0,36,0,1,1,0,0,1
79.43,72.0,74,0,1,1,0,0,0
386.97,137.0,58,0,1,0,1,0,0
51.22,82.0,23,0,1,0,1,0,1
256.05,35.0,54,0,1,1,0,0,0
7.7900000000000205,298.0,34,0,1,0,1,0,1
233.71,11.0,63,0,1,0,1,0,0
176.37,126.0,55,0,1,0,1,0,0
122.63,153.0,21,0,1,0,1,0,1
86.41,125.0,75,0,1,1,0,0,0
21.569999999999993,71.0,54,0,1,1,0,0,0
82.67000000000002,46.0,26,0,1,0,1,0,1
451.35,223.0,47,1,0,0,1,0,0
299.42,53.0,63,1,0,0,1,0,0
543.47,122.0,18,0,1,1,0,0,1
346.76,116.0,21,1,0,0,1,0,1
47.48000000000002,66.0,24,0,1,0,1,0,1
64.92000000000002,236.0,58,0,1,0,1,0,0
350.72,47.999999999999986,28,1,0,1,0,0,1
3.8000000000000114,174.0,65,0,1,0,0,1,0
22.54000000000002,42.0,26,0,1,0,0,1,1
167.47,103.0,35,0,1,1,0,0,1
43.650000000000006,212.0,30,1,0,0,1,0,1
391.08,105.0,56,0,1,0,0,1,0
390.77,34.0,44,0,1,0,0,1,1
508.1600000000001,131.0,39,0,1,1,0,0,1
36.75999999999999,108.0,65,1,0,0,0,1,0
332.33,101.0,27,0,1,1,0,0,1
362.09,31.0,32,0,1,0,1,0,1
42.579999999999984,80.0,30,0,1,0,0,1,1
122.35,188.0,53,1,0,0,1,0,0
248.66,113.0,28,0,1,0,0,1,1
461.25,171.0,54,1,0,0,0,1,0
61.77000000000001,49.0,56,0,1,0,1,0,0
268.92,148.0,29,0,1,0,1,0,1
303.97,77.0,24,0,1,0,0,1,1
219.02,68.0,54,1,0,0,0,1,0
125.13999999999999,31.0,20,0,1,0,1,0,1
47.599999999999994,115.0,53,0,1,0,0,1,0
592.82,248.0,74,0,1,0,0,1,0
372.5,211.0,22,0,1,1,0,0,1
4.720000000000027,20.0,32,0,1,0,1,0,1
144.93,74.0,42,0,1,0,1,0,1
316.56,261.0,28,0,1,0,0,1,1
9.180000000000007,140.0,22,0,1,0,0,1,1
421.25,66.0,25,0,1,0,0,1,1
185.71000000000004,194.0,48,0,1,0,1,0,0
26.269999999999982,177.0,45,1,0,0,0,1,0
297.03,151.0,61,0,1,0,0,1,0
341.67,96.0,53,0,1,0,1,0,0
99.51999999999995,127.0,52,0,1,1,0,0,0
139.69,180.0,52,0,1,0,0,1,0
42.72,143.0,37,0,1,1,0,0,1
112.72,17.0,31,0,1,0,1,0,1
568.88,105.0,19,0,1,0,1,0,1
189.03,50.0,28,0,1,1,0,0,1
199.8,163.0,20,0,1,1,0,0,1
189.07999999999998,238.0,68,0,1,0,1,0,0
409.59,50.0,35,0,1,0,0,1,1
349.34,245.0,28,1,0,1,0,0,1
283.15,180.0,24,0,1,0,0,1,1
151.82,105.0,51,0,1,1,0,0,0
438.59,103.0,37,0,1,0,0,1,1
590.57,93.0,79,0,1,1,0,0,0
63.74000000000004,31.0,63,0,1,0,0,1,0
77.01999999999998,132.0,59,1,0,0,0,1,0
501.15,208.0,47,0,1,0,1,0,0
8.949999999999989,102.0,76,0,1,0,0,1,0
173.6,160.0,21,0,1,0,0,1,1
149.40000000000003,123.0,53,0,1,1,0,0,0
388.21,237.0,53,1,0,0,1,0,0
484.3,230.0,61,1,0,0,0,1,0
126.04000000000002,167.0,65,1,0,0,1,0,0
52.03999999999999,31.0,50,1,0,0,1,0,0
389.7,216.0,62,1,0,0,1,0,0
161.1,104.0,19,1,0,1,0,0,1
309.77,137.0,67,1,0,0,0,1,0
202.55,34.0,21,0,1,1,0,0,1
724.18,134.0,41,0,1,0,1,0,1
124.98000000000002,78.0,24,0,1,1,0,0,1
487.32,164.0,52,0,1,0,1,0,0
635.91,78.0,46,1,0,0,1,0,0
205.65,144.0,62,0,1,0,1,0,0
39.410000000000025,132.0,25,0,1,0,1,0,1
254.0,63.0,35,0,1,0,1,0,1
436.8,213.0,36,0,1,0,1,0,1
224.73,63.0,76,0,1,0,1,0,0
752.69,115.0,65,1,0,1,0,0,0
78.5,41.0,31,1,0,0,1,0,1
50.0,87.0,53,1,0,1,0,0,0
132.42,164.0,18,0,1,1,0,0,1
11.670000000000016,105.0,76,0,1,0,1,0,0
83.16,177.0,61,0,1,1,0,0,0
149.02,176.0,46,1,0,0,1,0,0
74.26999999999998,148.0,59,1,0,0,0,1,0
615.58,133.0,42,0,1,1,0,0,1
643.03,52.0,36,1,0,0,0,1,1
7.949999999999989,65.0,79,0,1,1,0,0,0
270.92,143.0,77,1,0,0,1,0,0
499.48,133.0,24,0,1,1,0,0,1
138.82000000000002,53.0,77,0,1,0,0,1,0
231.46,83.0,60,1,0,0,1,0,0
292.08,32.0,72,0,1,1,0,0,0
63.97999999999999,258.0,54,0,1,0,0,1,0
235.21,74.0,67,0,1,0,1,0,0
201.73,78.0,57,0,1,0,0,1,0
161.31,13.000000000000014,28,0,1,1,0,0,1
18.410000000000025,168.0,53,0,1,0,1,0,0
471.75,41.0,34,1,0,0,1,0,1
290.02,246.0,55,0,1,0,1,0,0
48.05000000000001,38.0,27,0,1,0,1,0,1
359.42,30.0,55,0,1,0,1,0,0
32.910000000000025,255.0,19,0,1,0,0,1,1
3.8000000000000114,140.0,67,0,1,0,1,0,0
31.810000000000002,149.0,51,0,1,0,0,1,0
220.2,102.0,28,0,1,0,0,1,1
476.03,99.0,77,1,0,0,1,0,0
141.91,49.0,23,0,1,0,1,0,1
95.82999999999998,91.0,27,0,1,0,0,1,1
51.150000000000006,199.0,46,1,0,0,1,0,0
50.75,185.0,62,0,1,1,0,0,0
185.07,159.0,22,0,1,0,1,0,1
293.54,45.0,40,0,1,0,0,1,1
23.379999999999995,89.0,32,0,1,0,1,0,1
285.26,93.0,28,0,1,1,0,0,1
129.48,179.0,31,0,1,1,0,0,1
743.03,174.0,50,0,1,1,0,0,0
297.86,96.0,28,1,0,1,0,0,1
231.92,12.0,66,0,1,1,0,0,0
295.82,46.0,47,1,0,0,1,0,0
302.86,275.0,55,0,1,0,0,1,0
81.07999999999998,56.0,58,0,1,1,0,0,0
178.43,136.0,26,0,1,0,1,0,1
211.91,181.0,20,0,1,0,0,1,1
17.20999999999998,219.0,23,0,1,0,0,1,1
124.22,172.0,23,0,1,1,0,0,1
38.370000000000005,135.0,63,0,1,1,0,0,0
269.79,17.0,52,0,1,1,0,0,0
605.42,33.0,21,0,1,1,0,0,1
11.189999999999998,40.000000000000014,60,0,1,1,0,0,0
29.189999999999998,41.0,58,1,0,0,1,0,0
701.7,64.0,61,1,0,0,0,1,0
410.97,45.0,22,0,1,1,0,0,1
36.96999999999997,79.0,41,0,1,0,1,0,1
137.59,95.0,30,0,1,1,0,0,1
168.11,12.0,51,1,0,0,0,1,0
430.98,93.0,24,0,1,0,1,0,1
13.870000000000005,20.0,24,0,1,0,1,0,1
642.68,66.0,76,0,1,1,0,0,0
175.07,169.0,28,0,1,0,0,1,1
302.82,175.0,36,0,1,1,0,0,1
406.81,84.0,66,0,1,0,0,1,0
256.3,172.0,53,0,1,0,0,1,0
80.95999999999998,97.0,19,1,0,0,0,1,1
95.78,27.0,22,0,1,0,0,1,1
379.54,118.0,41,1,0,0,1,0,1
142.19,27.0,18,0,1,0,1,0,1
295.18,31.0,66,1,0,0,1,0,0
18.45999999999998,213.0,68,0,1,0,1,0,0
603.23,47.999999999999986,28,0,1,0,1,0,1
54.5,147.0,57,1,0,0,1,0,0
414.77,274.0,29,0,1,0,0,1,1
440.03,88.0,49,0,1,0,0,1,0
35.45999999999998,285.0,56,0,1,1,0,0,0
76.38999999999996,219.0,18,0,1,0,1,0,1
595.91,162.0,19,1,0,1,0,0,1
6.029999999999973,70.0,76,0,1,0,1,0,0
249.34,197.0,26,0,1,1,0,0,1
421.52,67.0,20,0,1,0,1,0,1
189.77,24.0,58,0,1,0,1,0,0
73.19,213.0,76,0,1,0,1,0,0
188.13,198.0,75,1,0,0,0,1,0
30.519999999999982,122.0,62,0,1,0,1,0,0
170.24,133.0,62,0,1,0,1,0,0
56.620000000000005,121.0,54,0,1,0,1,0,0
53.139999999999986,70.0,34,0,1,1,0,0,1
587.23,144.0,27,0,1,0,0,1,1
146.15,75.0,43,0,1,0,1,0,1
21.269999999999982,114.0,62,1,0,0,0,1,0
76.01999999999998,189.0,34,1,0,0,0,1,1
170.19,156.0,27,1,0,0,1,0,1
155.51,15.0,68,0,1,1,0,0,0
135.15,50.0,72,0,1,0,0,1,0
39.48000000000002,38.0,56,0,1,1,0,0,0
451.68,15.0,33,0,1,0,0,1,1
19.110000000000014,160.0,49,1,0,0,0,1,0
355.0,33.0,26,1,0,0,0,1,1
427.69,236.0,43,0,1,1,0,0,1
254.86,102.0,23,0,1,0,1,0,1
19.480000000000018,114.0,27,0,1,1,0,0,1
190.17,265.0,49,0,1,1,0,0,0
91.38,179.0,65,0,1,1,0,0,0
206.63,128.0,59,1,0,0,0,1,0
93.22,52.0,52,0,1,0,0,1,0
547.98,171.0,28,0,1,1,0,0,1
641.06,25.0,23,0,1,1,0,0,1
314.55,19.0,27,1,0,0,1,0,1
189.45,62.0,53,1,0,0,1,0,0
91.84,80.0,67,1,0,0,1,0,0
609.52,169.0,78,0,1,1,0,0,0
100.00999999999999,63.0,50,0,1,1,0,0,0
28.78000000000003,51.0,40,1,0,0,0,1,1
111.07999999999998,83.0,70,0,1,0,0,1,0
470.96,124.0,69,1,0,0,0,1,0
52.22999999999999,96.0,28,1,0,0,1,0,1
78.62,52.0,32,0,1,0,1,0,1
47.78999999999999,37.0,25,0,1,0,1,0,1
333.97,45.0,52,0,1,0,1,0,0
30.870000000000005,295.0,33,0,1,1,0,0,1
710.43,115.0,67,0,1,0,0,1,0
220.23,47.999999999999986,41,0,1,1,0,0,1
27.28000000000003,96.0,29,0,1,1,0,0,1
101.51999999999998,98.0,49,0,1,1,0,0,0
162.65,147.0,59,0,1,1,0,0,0
10.519999999999982,30.0,55,0,1,1,0,0,0
270.72,37.0,38,0,1,0,1,0,1
202.34,134.0,20,0,1,0,0,1,1
247.58,152.0,39,0,1,1,0,0,1
686.17,96.0,61,0,1,1,0,0,0
359.65,289.0,25,1,0,0,0,1,1
109.91,90.0,38,0,1,0,1,0,1
215.72,137.0,30,1,0,0,1,0,1
490.76,156.0,66,0,1,0,0,1,0
224.28,68.0,64,0,1,0,0,1,0
614.03,51.0,68,0,1,1,0,0,0
608.79,157.0,55,0,1,0,0,1,0
186.55,288.0,48,0,1,0,1,0,0
203.34,66.0,60,0,1,1,0,0,0
90.88,284.0,26,0,1,1,0,0,1
60.110000000000014,122.0,61,1,0,0,1,0,0
393.92,47.0,72,0,1,0,1,0,0
19.389999999999986,45.0,43,0,1,1,0,0,1
557.41,49.0,80,1,0,0,0,1,0
57.07000000000002,99.0,31,1,0,0,0,1,1
395.27,167.0,18,1,0,0,0,1,1
289.05,116.0,75,0,1,1,0,0,0
46.110000000000014,233.0,33,0,1,0,0,1,1
335.5,47.0,63,0,1,1,0,0,0
388.07,68.0,24,0,1,0,0,1,1
520.86,66.0,51,1,0,0,0,1,0
31.69999999999999,121.0,48,1,0,1,0,0,0
22.30000000000001,90.0,21,0,1,1,0,0,1
203.12,181.0,56,0,1,1,0,0,0
315.94,172.0,49,1,0,0,1,0,0
192.23,39.0,54,0,1,0,0,1,0
0.2599999999999909,173.0,20,0,1,0,0,1,1
210.77,161.0,71,0,1,1,0,0,0
406.65,107.0,57,0,1,1,0,0,0
422.9,111.0,40,0,1,1,0,0,1
20.620000000000005,225.0,35,1,0,1,0,0,1
174.39,36.0,19,0,1,1,0,0,1
7.860000000000014,91.0,76,1,0,0,1,0,0
61.97999999999996,44.0,49,0,1,0,0,1,0
54.849999999999994,40.000000000000014,58,1,0,0,1,0,0
204.7,95.0,49,0,1,0,1,0,0
16.55000000000001,159.0,26,0,1,0,1,0,1
91.32,77.0,58,0,1,0,1,0,0
195.49,212.0,31,0,1,1,0,0,1
49.620000000000005,111.0,55,0,1,1,0,0,0
487.16,84.0,28,1,0,0,1,0,1
405.6,44.0,37,0,1,0,0,1,1
512.95,143.0,57,0,1,0,1,0,0
345.94,163.0,31,0,1,1,0,0,1
356.56,52.0,47,0,1,0,0,1,0
10.310000000000002,280.0,36,0,1,0,0,1,1
211.69,111.0,30,0,1,0,1,0,1
221.49,196.0,23,1,0,0,1,0,1
278.23,83.0,48,0,1,0,0,1,0
116.88,263.0,45,0,1,1,0,0,0
328.77,247.0,39,1,0,0,0,1,1
77.53,55.0,54,0,1,0,1,0,0
421.74,103.0,67,0,1,0,0,1,0
313.69,152.0,73,0,1,0,1,0,0
411.72,153.0,29,0,1,0,1,0,1
508.73,89.0,59,0,1,0,1,0,0
153.08,201.0,24,0,1,1,0,0,1
23.00999999999999,166.0,63,0,1,0,1,0,0
69.28,129.0,25,0,1,0,0,1,1
51.25000000000003,66.0,28,1,0,0,1,0,1
407.65,263.0,25,0,1,1,0,0,1
459.25,59.0,25,0,1,0,1,0,1
301.56,118.0,49,0,1,0,1,0,0
17.670000000000016,91.0,63,0,1,0,0,1,0
5.2900000000000205,132.0,32,1,0,0,0,1,1
401.37,251.0,43,0,1,0,1,0,1
145.4,24.0,38,0,1,0,0,1,1
556.34,46.0,37,0,1,0,0,1,1
34.31,251.0,24,0,1,1,0,0,1
282.65,161.0,35,0,1,1,0,0,1
305.27,147.0,68,0,1,0,0,1,0
185.81,116.0,32,0,1,0,0,1,1
66.00999999999999,179.0,49,0,1,0,0,1,0
447.95,75.0,29,0,1,0,1,0,1
279.3,47.999999999999986,19,0,1,1,0,0,1
26.75,27.0,33,0,1,0,0,1,1
611.15,121.0,27,0,1,1,0,0,1
275.2,81.0,54,0,1,0,0,1,0
427.79,189.0,18,0,1,0,1,0,1
469.13,139.0,54,1,0,1,0,0,0
102.81,47.0,76,0,1,0,1,0,0
22.610000000000014,145.0,19,0,1,0,0,1,1
68.28,293.0,56,0,1,0,0,1,0
33.64999999999998,146.0,63,1,0,0,0,1,0
362.68,137.0,63,1,0,1,0,0,0
73.23000000000002,172.0,20,0,1,0,1,0,1
654.49,104.0,25,1,0,0,0,1,1
18.560000000000002,161.0,49,1,0,0,1,0,0
389.05,41.0,27,0,1,1,0,0,1
7.3799999999999955,105.0,67,0,1,0,0,1,0
109.48000000000002,93.0,61,0,1,0,0,1,0
66.91,85.0,39,0,1,1,0,0,1
335.48,155.0,45,0,1,0,1,0,0
38.139999999999986,174.0,19,0,1,0,0,1,1
360.02,68.0,68,0,1,0,0,1,0
567.71,80.0,63,0,1,0,0,1,0
218.19,185.0,19,0,1,1,0,0,1
209.99,40.000000000000014,19,0,1,1,0,0,1
11.019999999999982,280.0,19,0,1,0,1,0,1
83.43,109.0,56,0,1,0,0,1,0
344.97,106.0,34,0,1,0,0,1,1
172.29000000000002,283.0,36,0,1,1,0,0,1
195.54,255.0,60,0,1,0,0,1,0
101.23000000000005,87.0,45,0,1,0,0,1,0
180.46,34.0,25,0,1,1,0,0,1
692.55,109.0,53,0,1,0,1,0,0
147.31,92.0,34,1,0,0,0,1,1
107.48000000000002,103.0,20,0,1,0,1,0,1
81.50999999999999,97.0,25,0,1,0,1,0,1
365.48,216.0,76,1,0,0,0,1,0
491.1,125.0,35,1,0,0,0,1,1
452.8,151.0,80,0,1,0,1,0,0
645.04,78.0,70,0,1,0,1,0,0
169.28,114.0,45,0,1,0,1,0,0
88.42000000000002,91.0,62,0,1,1,0,0,0
155.53,66.0,29,0,1,1,0,0,1
39.24000000000001,106.0,77,0,1,1,0,0,0
152.01,111.0,42,0,1,1,0,0,1
78.76999999999998,50.0,48,1,0,1,0,0,0
26.5,179.0,48,0,1,0,0,1,0
83.62,146.0,48,0,1,1,0,0,0
142.78,150.0,68,0,1,0,1,0,0
55.99000000000001,95.0,35,0,1,1,0,0,1
105.37,160.0,25,0,1,1,0,0,1
118.82999999999998,295.0,28,0,1,0,0,1,1
46.22,217.0,23,0,1,0,1,0,1
659.71,148.0,21,1,0,0,1,0,1
377.97,160.0,72,0,1,0,0,1,0
114.1,148.0,69,0,1,0,1,0,0
11.300000000000011,41.0,55,1,0,0,0,1,0
95.50000000000003,17.0,57,0,1,0,0,1,0
130.93,149.0,28,1,0,0,1,0,1
272.97,174.0,68,0,1,0,0,1,0
73.35,47.0,24,0,1,0,1,0,1
29.939999999999998,243.0,58,0,1,1,0,0,0
307.24,136.0,19,0,1,1,0,0,1
50.52000000000001,140.0,20,0,1,0,0,1,1
153.07,116.0,56,0,1,1,0,0,0
52.94,146.0,41,0,1,0,1,0,1
384.41,65.0,60,0,1,1,0,0,0
235.42,175.0,51,0,1,0,1,0,0
114.23000000000002,64.0,56,0,1,1,0,0,0
12.620000000000005,61.0,33,0,1,0,1,0,1
373.52,235.0,35,0,1,1,0,0,1
336.05,164.0,28,0,1,0,1,0,1
366.93,33.0,66,0,1,0,0,1,0
112.26999999999998,102.0,58,0,1,0,1,0,0
494.9599999999999,132.0,40,0,1,1,0,0,1
561.58,23.0,65,0,1,0,0,1,0
440.94,148.0,42,0,1,0,0,1,1
71.9,51.0,29,0,1,0,1,0,1
256.66,137.0,54,1,0,0,0,1,0
166.55,99.0,59,1,0,0,1,0,0
276.26,143.0,56,0,1,0,1,0,0
35.45999999999998,164.0,67,0,1,1,0,0,0
38.139999999999986,165.0,50,0,1,0,1,0,0
506.26,86.0,64,1,0,1,0,0,0
736.32,28.0,31,0,1,0,0,1,1
389.43,151.0,52,1,0,1,0,0,0
25.579999999999984,166.0,60,0,1,1,0,0,0
446.1,243.0,25,0,1,1,0,0,1
147.74,15.0,23,0,1,0,1,0,1
46.22999999999999,282.0,77,0,1,0,0,1,0
265.37,77.0,33,0,1,0,1,0,1
342.57,91.0,20,0,1,0,0,1,1
417.26,45.0,32,1,0,0,0,1,1
33.629999999999995,76.0,63,0,1,0,0,1,0
64.57999999999998,173.0,55,0,1,0,1,0,0
23.230000000000018,122.0,21,1,0,0,1,0,1
160.52,112.0,78,1,0,1,0,0,0
278.88,179.0,64,0,1,0,1,0,0
285.49,109.0,53,1,0,0,1,0,0
71.87,258.0,22,0,1,1,0,0,1
308.8,41.0,53,0,1,1,0,0,0
135.35,82.0,33,0,1,0,1,0,1
288.43,72.0,66,0,1,0,1,0,0
147.46000000000004,205.0,65,1,0,0,0,1,0
214.15,217.0,32,0,1,0,1,0,1
71.34,144.0,49,0,1,0,0,1,0
170.36,118.0,30,0,1,1,0,0,1
736.53,120.0,55,0,1,1,0,0,0
213.42,17.0,45,0,1,1,0,0,0
94.09,203.0,27,0,1,0,1,0,1
91.23000000000002,86.0,72,0,1,1,0,0,0
263.92,233.0,57,1,0,0,1,0,0
77.5,201.0,51,1,0,0,0,1,0
3.6499999999999773,146.0,69,0,1,0,0,1,0
43.879999999999995,251.0,26,1,0,0,0,1,1
591.98,132.0,28,0,1,1,0,0,1
224.79,129.0,18,0,1,0,0,1,1
64.30000000000001,67.0,55,0,1,1,0,0,0
111.79000000000005,49.0,62,0,1,0,0,1,0
613.7,37.0,61,1,0,0,1,0,0
26.069999999999993,19.0,20,0,1,0,1,0,1
170.45,199.0,60,0,1,0,1,0,0
344.27,123.0,22,0,1,0,1,0,1
292.95,56.0,37,0,1,0,1,0,1
28.439999999999998,243.0,18,0,1,1,0,0,1
209.02,74.0,21,0,1,1,0,0,1
20.05000000000001,171.0,72,0,1,1,0,0,0
175.02,71.0,28,0,1,0,0,1,1
89.5,134.0,41,1,0,0,1,0,1
69.95999999999998,31.0,28,0,1,0,1,0,1
146.51,68.0,53,0,1,1,0,0,0
376.78,88.0,21,1,0,0,0,1,1
148.53999999999996,107.0,71,1,0,0,1,0,0
388.77,30.0,26,1,0,0,0,1,1
100.38000000000002,49.0,63,0,1,0,1,0,0
137.23,63.0,64,0,1,0,1,0,0
458.94,180.0,52,0,1,0,1,0,0
327.35,175.0,20,1,0,0,1,0,1
757.15,38.0,53,0,1,0,0,1,0
5.639999999999986,47.0,59,0,1,0,0,1,0
47.22999999999999,160.0,73,1,0,0,0,1,0
239.41,248.0,42,1,0,0,0,1,1
7.480000000000018,29.0,55,0,1,1,0,0,0
170.97,292.0,26,0,1,0,1,0,1
262.43,274.0,37,1,0,0,0,1,1
659.15,204.0,22,0,1,1,0,0,1
31.53000000000003,283.0,25,0,1,0,0,1,1
111.66,140.0,48,1,0,0,0,1,0
250.01,88.0,62,0,1,1,0,0,0
554.15,108.0,49,0,1,1,0,0,0
598.66,222.0,32,1,0,0,1,0,1
28.379999999999995,98.0,55,0,1,0,1,0,0
16.80000000000001,94.0,49,0,1,1,0,0,0
159.0,38.0,49,0,1,1,0,0,0
56.31,195.0,75,1,0,0,0,1,0
203.99,215.0,52,0,1,0,0,1,0
50.99000000000001,76.0,29,0,1,0,1,0,1
101.28000000000003,75.0,32,1,0,0,0,1,1
299.92,122.0,27,0,1,1,0,0,1
77.54000000000002,73.0,67,0,1,0,0,1,0
18.350000000000023,78.0,21,0,1,0,1,0,1
732.53,116.0,26,1,0,1,0,0,1
65.11000000000001,150.0,34,0,1,1,0,0,1
67.07,56.0,24,1,0,1,0,0,1
137.48,47.0,55,0,1,0,1,0,0
398.36,56.0,22,0,1,1,0,0,1
469.46,149.0,20,0,1,1,0,0,1
37.579999999999984,182.0,57,0,1,1,0,0,0
160.24,15.0,31,0,1,1,0,0,1
315.39,93.0,23,1,0,0,1,0,1
434.17,148.0,21,0,1,1,0,0,1
165.91,84.0,26,0,1,1,0,0,1
211.36,194.0,47,0,1,0,1,0,0
241.45,158.0,26,0,1,0,0,1,1
23.24000000000001,129.0,68,0,1,0,1,0,0
70.88,176.0,74,1,0,0,1,0,0
314.52,229.0,80,0,1,1,0,0,0
181.81,122.0,78,1,0,0,0,1,0
261.19,52.0,64,0,1,1,0,0,0
220.68,217.0,71,1,0,0,0,1,0
11.860000000000014,129.0,31,0,1,0,1,0,1
122.65,41.0,28,0,1,0,0,1,1
395.16,17.0,56,0,1,0,0,1,0
704.69,150.0,51,0,1,0,0,1,0
369.89,69.0,69,0,1,1,0,0,0
10.920000000000016,268.0,67,0,1,1,0,0,0
199.14,36.0,31,0,1,0,1,0,1
109.43,140.0,70,0,1,1,0,0,0
304.15,40.000000000000014,20,0,1,0,1,0,1
620.54,98.0,28,1,0,0,1,0,1
757.79,117.0,22,0,1,0,0,1,1
122.81,12.0,52,0,1,0,1,0,0
96.25,171.0,61,0,1,0,0,1,0
142.55,97.0,67,0,1,0,0,1,0
35.94,141.0,23,1,0,0,1,0,1
24.860000000000014,292.0,58,0,1,0,1,0,0
103.07999999999998,109.0,60,0,1,0,0,1,0
116.26999999999998,94.0,57,0,1,0,0,1,0
363.84,118.0,73,0,1,0,0,1,0
34.74000000000001,72.0,59,1,0,0,0,1,0
64.00999999999999,240.0,19,1,0,0,1,0,1
108.75,23.0,50,0,1,1,0,0,0
50.900000000000006,150.0,28,1,0,0,0,1,1
206.84,154.0,20,0,1,0,1,0,1
37.39999999999998,84.0,20,0,1,1,0,0,1
154.21,75.0,46,0,1,0,0,1,0
199.37,79.0,24,0,1,0,0,1,1
410.49,134.0,25,1,0,0,1,0,1
18.230000000000018,28.0,56,0,1,1,0,0,0
398.7,276.0,47,0,1,1,0,0,0
122.13999999999999,155.0,22,0,1,0,0,1,1
378.2,167.0,40,0,1,0,1,0,1
124.74000000000001,33.0,49,0,1,1,0,0,0
17.100000000000023,101.0,53,0,1,1,0,0,0
287.05,212.0,22,0,1,1,0,0,1
40.120000000000005,269.0,36,1,0,1,0,0,1
125.0,177.0,49,1,0,0,0,1,0
348.44,147.0,24,0,1,0,0,1,1
128.4,31.0,69,0,1,1,0,0,0
320.93,178.0,55,0,1,0,0,1,0
1.410000000000025,278.0,53,0,1,1,0,0,0
50.52000000000001,293.0,54,0,1,0,1,0,0
383.95,143.0,31,1,0,0,0,1,1
12.939999999999998,158.0,23,0,1,0,1,0,1
329.75,211.0,56,0,1,0,0,1,0
40.79000000000002,80.0,18,0,1,1,0,0,1
99.25,93.0,63,1,0,0,0,1,0
150.6,59.0,69,0,1,1,0,0,0
29.5,129.0,73,0,1,0,0,1,0
54.34,46.0,65,0,1,1,0,0,0
18.25,18.0,53,0,1,1,0,0,0
633.87,175.0,27,0,1,0,0,1,1
81.14999999999998,114.0,19,0,1,1,0,0,1
83.94999999999999,170.0,75,0,1,0,0,1,0
410.4,78.0,61,1,0,1,0,0,0
172.68,17.0,33,0,1,1,0,0,1
139.87999999999997,162.0,34,0,1,1,0,0,1
165.55,115.0,28,0,1,0,1,0,1
53.78999999999999,137.0,54,1,0,1,0,0,0
285.69,35.0,63,0,1,1,0,0,0
532.4,149.0,22,0,1,1,0,0,1
293.85,144.0,25,0,1,0,0,1,1
27.939999999999998,120.0,79,0,1,0,1,0,0
270.36,37.0,25,0,1,1,0,0,1
112.66,176.0,29,0,1,0,0,1,1
506.03,20.999999999999986,21,0,1,0,1,0,1
206.95,31.0,22,0,1,0,1,0,1
350.96,167.0,63,0,1,1,0,0,0
261.63,150.0,20,0,1,0,1,0,1
46.120000000000005,30.0,59,0,1,0,1,0,0
27.25,92.0,63,1,0,0,1,0,0
331.66,145.0,76,0,1,1,0,0,0
667.95,253.0,62,1,0,1,0,0,0
49.84,146.0,49,0,1,1,0,0,0
556.04,27.0,72,0,1,1,0,0,0
88.06,288.0,18,1,0,0,0,1,1
745.95,127.0,58,0,1,1,0,0,0
67.25,157.0,19,0,1,0,0,1,1
93.63000000000002,141.0,29,0,1,1,0,0,1
74.11000000000001,49.0,22,0,1,0,1,0,1
41.129999999999995,58.0,77,1,0,0,1,0,0
192.02,154.0,79,1,0,0,0,1,0
291.27,121.0,77,0,1,0,1,0,0
296.46,136.0,23,0,1,0,1,0,1
341.84,89.0,27,1,0,0,1,0,1
98.41000000000003,47.999999999999986,27,0,1,0,0,1,1
109.28,112.0,36,0,1,0,0,1,1
27.50999999999999,103.0,40,1,0,0,0,1,1
12.180000000000007,77.0,76,0,1,0,1,0,0
207.71,63.0,25,1,0,0,0,1,1
25.769999999999982,277.0,45,1,0,0,0,1,0
127.57,75.0,52,0,1,1,0,0,0
392.05,172.0,60,0,1,1,0,0,0
521.01,73.0,41,1,0,0,1,0,1
172.5,31.0,68,0,1,0,0,1,0
265.44,169.0,30,0,1,1,0,0,1
152.34,115.0,55,0,1,0,1,0,0
21.129999999999995,153.0,28,0,1,0,1,0,1
111.55000000000001,101.0,46,0,1,1,0,0,0
321.82,43.0,32,1,0,0,1,0,1
148.77,175.0,67,0,1,0,1,0,0
14.079999999999984,154.0,57,0,1,0,1,0,0
566.33,66.0,24,1,0,1,0,0,1
206.51,275.0,51,0,1,1,0,0,0
180.94,57.0,75,0,1,0,1,0,0
77.9,128.0,21,0,1,0,1,0,1
318.92,60.0,21,1,0,0,1,0,1
583.3,142.0,59,1,0,0,0,1,0
100.68,139.0,63,0,1,0,0,1,0
589.6399999999999,210.0,62,0,1,0,0,1,0
225.93,199.0,25,1,0,0,1,0,1
651.55,82.0,72,0,1,0,0,1,0
80.97,157.0,38,0,1,0,0,1,1
191.89,14.0,25,0,1,0,1,0,1
304.75,125.0,78,1,0,0,1,0,0
201.53,287.0,68,0,1,0,0,1,0
8.449999999999989,141.0,22,0,1,1,0,0,1
435.98,105.0,30,0,1,0,1,0,1
743.24,109.0,19,1,0,0,0,1,1
16.269999999999982,44.0,57,0,1,1,0,0,0
290.86,36.0,45,0,1,0,0,1,0
85.73000000000002,266.0,41,0,1,1,0,0,1
555.71,73.0,22,1,0,0,1,0,1
40.03000000000003,200.0,23,0,1,0,1,0,1
73.00999999999999,62.0,25,1,0,0,0,1,1
346.12,12.0,44,0,1,0,1,0,1
1.9300000000000068,175.0,47,0,1,0,1,0,0
252.93,222.0,75,0,1,1,0,0,0
238.54,12.0,19,0,1,1,0,0,1
58.69999999999999,141.0,67,0,1,0,1,0,0
7.560000000000002,145.0,40,0,1,1,0,0,1
540.4,272.0,45,0,1,0,1,0,0
264.14,125.0,64,0,1,1,0,0,0
248.15,202.0,75,0,1,1,0,0,0
24.339999999999975,110.0,54,0,1,0,1,0,0
428.61,62.0,66,0,1,1,0,0,0
117.66000000000003,126.0,39,1,0,0,1,0,1
165.8,287.0,60,0,1,0,0,1,0
289.18,64.0,65,0,1,1,0,0,0
125.39000000000001,140.0,21,0,1,1,0,0,1
305.18,216.0,58,0,1,0,0,1,0
506.9,56.0,64,1,0,0,1,0,0
504.12,101.0,25,1,0,0,1,0,1
42.09,118.0,29,0,1,0,1,0,1
607.28,84.0,32,0,1,1,0,0,1
91.9,125.0,77,0,1,0,0,1,0
303.43,30.0,22,0,1,0,1,0,1
668.78,141.0,20,0,1,1,0,0,1
270.54,139.0,20,1,0,1,0,0,1
247.93,79.0,37,0,1,0,1,0,1
34.670000000000016,71.0,19,0,1,0,0,1,1
326.03,137.0,18,1,0,0,0,1,1
148.26,57.0,25,0,1,1,0,0,1
373.99,140.0,60,0,1,1,0,0,0
254.34,79.0,49,0,1,0,0,1,0
14.0,173.0,49,0,1,1,0,0,0
57.16,74.0,40,0,1,1,0,0,1
282.26,278.0,37,0,1,0,0,1,1
46.96000000000001,12.0,46,0,1,0,0,1,0
473.2,173.0,34,0,1,0,0,1,1
192.97000000000003,140.0,59,0,1,1,0,0,0
168.99,203.0,18,0,1,1,0,0,1
1.8199999999999932,60.0,80,0,1,0,0,1,0
40.89999999999998,37.0,55,0,1,1,0,0,0
78.91,157.0,61,0,1,0,0,1,0
169.97,12.0,22,1,0,1,0,0,1
17.79000000000002,162.0,61,0,1,0,1,0,0
486.61,130.0,48,1,0,1,0,0,0
148.13,56.0,58,0,1,0,1,0,0
164.52,162.0,61,0,1,1,0,0,0
720.89,120.0,27,0,1,1,0,0,1
268.7,63.0,53,0,1,1,0,0,0
637.34,278.0,51,0,1,1,0,0,0
216.76,138.0,47,1,0,0,0,1,0
418.02,110.0,46,0,1,1,0,0,0
292.03,154.0,46,1,0,1,0,0,0
251.4,178.0,57,0,1,1,0,0,0
184.56,93.0,21,0,1,0,0,1,1
33.75999999999999,227.0,26,0,1,0,0,1,1
253.46,60.0,45,0,1,1,0,0,0
138.68,44.0,22,1,0,0,1,0,1
42.56,146.0,18,0,1,0,0,1,1
680.76,165.0,21,0,1,0,1,0,1
53.829999999999984,131.0,70,0,1,0,1,0,0
11.089999999999975,95.0,51,0,1,0,1,0,0
37.81,195.0,63,0,1,0,1,0,0
449.18,50.0,67,0,1,0,0,1,0
297.6,162.0,39,0,1,0,0,1,1
683.75,106.0,32,0,1,0,1,0,1
21.399999999999977,129.0,48,1,0,0,0,1,0
315.94,93.0,78,0,1,1,0,0,0
331.32,137.0,61,0,1,0,1,0,0
223.76,110.0,74,1,0,0,1,0,0
216.03000000000003,300.0,42,0,1,1,0,0,1
17.420000000000016,150.0,74,0,1,1,0,0,0
491.91,155.0,78,0,1,0,0,1,0
350.11,178.0,74,1,0,0,0,1,0
218.07,243.0,23,0,1,0,1,0,1
291.09,73.0,48,0,1,0,1,0,0
422.14,109.0,26,1,0,0,1,0,1
613.21,157.0,61,0,1,1,0,0,0
73.82999999999998,69.0,69,0,1,0,0,1,0
67.32999999999998,36.0,59,0,1,0,0,1,0
26.920000000000016,43.0,62,0,1,1,0,0,0
18.30000000000001,155.0,48,0,1,0,0,1,0
317.94,124.0,54,0,1,1,0,0,0
179.38,173.0,40,0,1,0,0,1,1
13.920000000000016,209.0,37,0,1,1,0,0,1
365.43,176.0,25,0,1,1,0,0,1
263.59,16.0,71,0,1,0,1,0,0
54.80000000000001,140.0,34,0,1,0,1,0,1
141.49,75.0,24,0,1,0,0,1,1
31.389999999999986,15.0,20,0,1,1,0,0,1
93.82,176.0,39,0,1,0,0,1,1
5.7099999999999795,106.0,21,0,1,0,1,0,1
178.39,98.0,34,0,1,0,0,1,1
126.91,42.0,22,0,1,1,0,0,1
36.089999999999975,167.0,53,0,1,0,1,0,0
91.77000000000001,174.0,51,0,1,0,1,0,0
198.92,100.0,36,0,1,0,0,1,1
137.81,44.0,58,0,1,0,1,0,0
136.88,71.0,24,1,0,0,1,0,1
133.07000000000002,155.0,21,0,1,0,1,0,1
1.1399999999999864,137.0,43,0,1,0,1,0,1
256.34,99.0,69,0,1,0,1,0,0
56.109999999999985,109.0,36,0,1,0,1,0,1
118.1,50.0,50,0,1,1,0,0,0
137.85999999999999,120.0,66,1,0,0,0,1,0
237.97,69.0,69,0,1,1,0,0,0
684.96,31.0,21,0,1,1,0,0,1
276.56,15.0,68,0,1,0,1,0,0
8.75,199.0,79,0,1,1,0,0,0
637.48,207.0,65,0,1,0,0,1,0
103.15,179.0,51,0,1,0,1,0,0
505.6,183.0,52,0,1,0,1,0,0
371.86,91.0,46,0,1,1,0,0,0
14.259999999999991,37.0,50,0,1,0,1,0,0
13.160000000000025,98.0,43,0,1,0,1,0,1
167.92,136.0,40,0,1,1,0,0,1
73.00999999999999,101.0,56,0,1,1,0,0,0
201.5,196.0,61,1,0,0,0,1,0
150.30000000000004,204.0,41,0,1,0,0,1,1
23.69999999999999,32.0,46,0,1,1,0,0,0
49.59,147.0,48,0,1,0,1,0,0
720.13,96.0,22,1,0,1,0,0,1
134.92,101.0,19,0,1,0,0,1,1
116.97,299.0,18,0,1,1,0,0,1
11.060000000000002,13.000000000000014,34,0,1,1,0,0,1
88.29000000000002,287.0,50,1,0,0,0,1,0
5.810000000000002,222.0,25,0,1,1,0,0,1
103.48000000000002,33.0,32,0,1,1,0,0,1
156.74,136.0,70,0,1,1,0,0,0
505.14,179.0,68,0,1,1,0,0,0
31.060000000000002,61.0,46,0,1,1,0,0,0
7.610000000000014,163.0,50,0,1,1,0,0,0
276.16,71.0,53,1,0,1,0,0,0
145.77,237.0,68,0,1,1,0,0,0
369.44,19.0,34,0,1,0,0,1,1
558.86,95.0,60,0,1,1,0,0,0
429.15,218.0,26,0,1,0,1,0,1
36.74000000000001,133.0,33,0,1,0,1,0,1
79.13999999999999,22.0,57,1,0,0,0,1,0
132.48,101.0,36,0,1,0,1,0,1
136.48,138.0,52,0,1,0,0,1,0
203.76,37.0,55,0,1,0,1,0,0
750.95,27.0,78,0,1,0,1,0,0
0.8400000000000318,31.0,52,0,1,1,0,0,0
257.18,28.0,67,0,1,0,0,1,0
182.29,123.0,54,0,1,0,0,1,0
184.51,118.0,54,1,0,0,0,1,0
451.31,166.0,62,0,1,1,0,0,0
144.1,30.0,57,0,1,0,1,0,0
72.49999999999997,30.0,40,0,1,1,0,0,1
74.11000000000001,71.0,69,1,0,0,0,1,0
22.149999999999977,73.0,44,0,1,0,1,0,1
406.33,103.0,59,1,0,0,1,0,0
4.579999999999984,135.0,21,1,0,0,0,1,1
447.83,88.0,53,1,0,0,1,0,0
49.670000000000016,146.0,21,0,1,0,0,1,1
77.82999999999998,146.0,49,1,0,0,1,0,0
702.87,184.0,19,0,1,1,0,0,1
133.56,177.0,25,0,1,0,0,1,1
52.870000000000005,70.0,24,0,1,0,1,0,1
179.0,121.0,78,0,1,1,0,0,0
384.11,12.0,58,0,1,1,0,0,0
227.61,61.0,71,0,1,0,0,1,0
40.829999999999984,24.0,48,0,1,1,0,0,0
19.75999999999999,240.0,20,0,1,1,0,0,1
484.24,77.0,67,0,1,0,1,0,0
494.6600000000001,110.0,33,0,1,0,0,1,1
301.47,291.0,21,0,1,0,1,0,1
199.09,89.0,70,0,1,0,0,1,0
38.94999999999999,50.0,27,0,1,0,0,1,1
515.94,37.0,29,0,1,1,0,0,1
41.93000000000001,136.0,48,0,1,1,0,0,0
137.84000000000003,83.0,27,0,1,1,0,0,1
95.35,131.0,21,0,1,0,0,1,1
93.13999999999999,151.0,67,0,1,0,0,1,0
79.32999999999998,109.0,51,1,0,0,0,1,0
76.88999999999999,132.0,55,0,1,1,0,0,0
233.71,297.0,19,0,1,0,0,1,1
14.920000000000016,120.0,26,0,1,0,1,0,1
242.17,147.0,60,0,1,1,0,0,0
122.98000000000002,228.0,79,0,1,0,0,1,0
129.35,130.0,52,0,1,1,0,0,0
138.33,69.0,21,0,1,0,0,1,1
39.31,178.0,25,0,1,0,0,1,1
91.85,148.0,21,0,1,0,0,1,1
277.7,107.0,58,0,1,0,1,0,0
114.03,172.0,51,0,1,1,0,0,0
302.63,10.0,27,1,0,0,1,0,1
31.189999999999998,74.0,52,0,1,1,0,0,0
112.90999999999997,135.0,27,1,0,0,0,1,1
742.26,36.0,27,0,1,0,0,1,1
256.8,80.0,26,0,1,1,0,0,1
378.68,239.0,60,0,1,1,0,0,0
571.93,119.0,52,0,1,0,0,1,0
26.310000000000002,163.0,77,1,0,0,0,1,0
205.58,159.0,20,0,1,0,0,1,1
533.61,115.0,48,0,1,0,0,1,0
428.62,72.0,55,0,1,0,1,0,0
361.22,167.0,64,0,1,1,0,0,0
117.25,73.0,31,1,0,0,0,1,1
135.27,131.0,48,0,1,1,0,0,0
185.1,23.0,53,0,1,0,1,0,0
113.54000000000002,273.0,38,0,1,0,0,1,1
354.96,96.0,69,0,1,0,0,1,0
224.22000000000003,37.0,53,0,1,0,1,0,0
737.1,92.0,60,0,1,1,0,0,0
223.22,96.0,27,0,1,1,0,0,1
557.26,53.0,69,0,1,1,0,0,0
27.439999999999998,164.0,62,0,1,1,0,0,0
310.09,166.0,36,0,1,0,1,0,1
80.38,116.0,52,0,1,0,0,1,0
26.100000000000023,115.0,66,1,0,0,1,0,0
59.72999999999999,56.0,27,0,1,1,0,0,1
758.77,114.0,60,0,1,1,0,0,0
301.51,284.0,22,0,1,1,0,0,1
418.03,161.0,58,0,1,0,0,1,0
118.06,31.0,32,1,0,0,1,0,1
483.92,115.0,70,0,1,1,0,0,0
78.93,145.0,38,0,1,1,0,0,1
36.629999999999995,261.0,75,0,1,1,0,0,0
87.85000000000002,63.0,49,0,1,0,1,0,0
705.34,124.0,59,0,1,0,0,1,0
146.54999999999998,124.0,54,0,1,0,0,1,0
116.88999999999999,226.0,71,0,1,0,0,1,0
106.41,87.0,57,0,1,0,1,0,0
584.41,41.0,23,0,1,1,0,0,1
584.98,121.0,55,1,0,0,1,0,0
79.20999999999998,140.0,56,0,1,0,1,0,0
173.13,288.0,20,1,0,0,0,1,1
335.7,57.0,80,0,1,1,0,0,0
422.81,193.0,28,0,1,0,1,0,1
135.43,92.0,57,0,1,1,0,0,0
584.88,121.0,26,0,1,1,0,0,1
308.94,167.0,25,0,1,0,0,1,1
295.93,117.0,36,0,1,0,1,0,1
77.44,268.0,58,0,1,0,1,0,0
92.5,70.0,40,1,0,0,0,1,1
97.74000000000001,137.0,41,1,0,0,0,1,1
291.68,90.0,21,0,1,1,0,0,1
56.96000000000001,135.0,22,0,1,1,0,0,1
436.8,92.0,27,0,1,0,0,1,1
259.49,292.0,72,0,1,0,0,1,0
726.26,147.0,57,0,1,0,0,1,0
568.68,101.0,72,0,1,1,0,0,0
77.57,225.0,49,0,1,0,0,1,0
14.160000000000025,290.0,74,1,0,0,1,0,0
61.329999999999984,129.0,27,0,1,1,0,0,1
27.639999999999986,23.0,54,0,1,0,0,1,0
3.8500000000000227,32.0,29,0,1,1,0,0,1
431.22,129.0,73,1,0,0,1,0,0
178.55,67.0,55,0,1,0,1,0,0
248.76,56.0,18,0,1,1,0,0,1
76.16,99.0,23,0,1,1,0,0,1
347.25,250.0,69,0,1,1,0,0,0
28.04000000000002,146.0,57,0,1,1,0,0,0
325.98,277.0,19,0,1,1,0,0,1
249.56,246.0,76,0,1,0,1,0,0
17.430000000000007,33.0,56,0,1,1,0,0,0
198.01,40.000000000000014,26,1,0,0,1,0,1
585.58,55.0,23,0,1,0,1,0,1
434.67,124.0,27,1,0,0,0,1,1
510.7,294.0,27,1,0,0,0,1,1
331.98,12.0,74,0,1,1,0,0,0
199.54,268.0,56,0,1,0,0,1,0
212.97,178.0,59,0,1,0,0,1,0
270.56,139.0,23,0,1,0,0,1,1
306.37,120.0,26,0,1,1,0,0,1
643.02,85.0,38,1,0,1,0,0,1
98.48000000000002,12.0,47,0,1,0,1,0,0
537.86,134.0,27,0,1,0,0,1,1
241.18,162.0,25,0,1,1,0,0,1
130.54,94.0,64,0,1,1,0,0,0
8.810000000000002,165.0,57,0,1,0,0,1,0
28.519999999999982,163.0,20,0,1,1,0,0,1
431.31,99.0,23,1,0,0,0,1,1
199.23,54.0,29,0,1,1,0,0,1
42.25999999999999,171.0,44,0,1,1,0,0,1
166.06,172.0,30,0,1,1,0,0,1
357.72,25.0,53,0,1,1,0,0,0
588.37,284.0,28,0,1,0,0,1,1
72.82,127.0,68,0,1,0,0,1,0
162.36,147.0,36,0,1,0,0,1,1
584.82,109.0,43,1,0,0,0,1,1
38.14999999999998,129.0,72,1,0,0,0,1,0
477.54,52.0,23,1,0,1,0,0,1
639.57,43.0,60,0,1,0,1,0,0
58.22999999999999,34.0,28,0,1,0,0,1,1
248.76,117.0,21,0,1,0,1,0,1
188.61,26.0,67,0,1,0,0,1,0
675.37,31.0,56,1,0,0,0,1,0
94.82,56.0,67,1,0,0,1,0,0
425.18,135.0,59,1,0,0,0,1,0
50.28000000000003,65.0,60,0,1,0,1,0,0
70.68,105.0,25,0,1,0,0,1,1
261.77,46.0,28,0,1,0,0,1,1
183.22,63.0,27,0,1,1,0,0,1
58.31999999999999,275.0,29,1,0,0,1,0,1
156.86,102.0,51,0,1,1,0,0,0
120.67000000000002,233.0,42,0,1,1,0,0,1
308.62,101.0,59,1,0,0,1,0,0
506.81,41.0,59,0,1,1,0,0,0
328.39,108.0,41,0,1,1,0,0,1
72.47000000000003,72.0,29,0,1,0,0,1,1
279.6,131.0,25,0,1,1,0,0,1
304.2,102.0,25,0,1,0,0,1,1
351.38,20.999999999999986,64,0,1,0,1,0,0
86.07,23.0,31,0,1,0,1,0,1
604.5,80.0,28,0,1,1,0,0,1
258.7,123.0,27,0,1,1,0,0,1
11.45999999999998,64.0,75,1,0,0,1,0,0
63.75999999999999,100.0,69,0,1,1,0,0,0
446.8299999999999,143.0,55,1,0,0,1,0,0
63.53999999999999,136.0,26,0,1,1,0,0,1
81.10999999999999,110.0,48,0,1,0,0,1,0
441.26,87.0,58,1,0,0,1,0,0
170.96,69.0,64,0,1,0,1,0,0
48.50999999999996,69.0,22,0,1,0,1,0,1
325.03,106.0,60,0,1,0,1,0,0
125.82999999999998,138.0,57,0,1,1,0,0,0
506.83,45.0,37,0,1,0,1,0,1
738.94,173.0,41,0,1,0,1,0,1
180.36,55.0,33,1,0,0,0,1,1
225.1,35.0,28,0,1,1,0,0,1
359.51,157.0,79,0,1,0,0,1,0
720.46,44.0,54,0,1,0,1,0,0
291.46,135.0,57,0,1,1,0,0,0
98.24000000000001,148.0,28,0,1,0,0,1,1
100.48000000000002,104.0,18,1,0,0,1,0,1
45.900000000000006,264.0,56,0,1,0,1,0,0
258.21,225.0,39,0,1,0,0,1,1
287.51,255.0,22,0,1,0,0,1,1
501.3,146.0,26,1,0,0,0,1,1
26.100000000000023,32.0,27,0,1,1,0,0,1
436.77,176.0,20,0,1,1,0,0,1
292.38,224.0,68,0,1,1,0,0,0
25.29000000000002,125.0,50,0,1,0,0,1,0
123.35,10.0,31,1,0,0,0,1,1
139.52,31.0,23,0,1,0,1,0,1
51.19999999999999,83.0,18,0,1,0,0,1,1
122.85,127.0,47,1,0,0,0,1,0
161.38,101.0,24,1,0,0,0,1,1
2.509999999999991,32.0,63,0,1,0,0,1,0
22.620000000000005,102.0,64,0,1,1,0,0,0
126.82999999999998,39.0,57,0,1,0,1,0,0
46.599999999999994,68.0,55,0,1,0,0,1,0
243.8,47.999999999999986,57,0,1,0,1,0,0
231.51,96.0,60,1,0,0,1,0,0
175.05,34.0,39,0,1,0,0,1,1
34.03000000000003,38.0,57,0,1,0,1,0,0
15.949999999999989,52.0,25,0,1,0,1,0,1
101.50999999999999,199.0,46,1,0,0,0,1,0
309.42,42.0,27,0,1,0,1,0,1
257.6,293.0,59,1,0,0,0,1,0
746.78,64.0,21,1,0,0,1,0,1
82.00999999999999,156.0,23,1,0,0,1,0,1
476.99,187.0,23,0,1,0,0,1,1
320.11,130.0,23,0,1,0,1,0,1
333.39,35.0,68,0,1,1,0,0,0
10.300000000000011,197.0,47,0,1,1,0,0,0
737.46,75.0,53,1,0,0,1,0,0
416.55,73.0,33,0,1,0,0,1,1
84.91,68.0,18,0,1,0,0,1,1
98.94999999999999,73.0,75,0,1,0,1,0,0
18.139999999999986,47.999999999999986,58,1,0,1,0,0,0
215.13,114.0,46,0,1,0,0,1,0
218.57,102.0,62,1,0,0,1,0,0
341.88,89.0,43,0,1,1,0,0,1
691.92,61.0,19,0,1,0,0,1,1
50.43000000000001,51.0,32,0,1,0,1,0,1
440.43,23.0,78,0,1,0,1,0,0
299.03,52.0,39,0,1,0,1,0,1
1.9800000000000182,170.0,66,0,1,1,0,0,0
173.45,161.0,31,0,1,1,0,0,1
438.76,73.0,22,0,1,0,1,0,1
519.62,40.000000000000014,71,1,0,0,0,1,0
738.68,124.0,50,0,1,0,0,1,0
151.14,38.0,64,0,1,0,0,1,0
75.76999999999998,148.0,51,0,1,0,1,0,0
444.52,17.0,27,0,1,0,0,1,1
5.2900000000000205,276.0,52,0,1,0,0,1,0
97.63,127.0,48,1,0,0,0,1,0
256.95,71.0,26,0,1,0,1,0,1
734.86,290.0,48,1,0,0,1,0,0
84.28,142.0,39,0,1,0,1,0,1
202.49,69.0,48,1,0,1,0,0,0
154.99,53.0,25,0,1,0,1,0,1
481.53,277.0,58,0,1,0,1,0,0
172.92,212.0,20,0,1,0,0,1,1
275.59,238.0,53,1,0,0,1,0,0
207.2,133.0,60,0,1,0,0,1,0
136.82,14.0,31,0,1,0,1,0,1
624.0,132.0,26,0,1,0,1,0,1
179.38,28.0,30,0,1,0,0,1,1
10.149999999999977,58.0,59,0,1,1,0,0,0
26.30000000000001,33.0,32,0,1,1,0,0,1
319.5,69.0,29,1,0,0,1,0,1
182.42000000000002,137.0,51,0,1,0,1,0,0
716.6199999999999,241.0,44,0,1,1,0,0,1
222.96,150.0,65,1,0,1,0,0,0
79.76999999999998,167.0,68,0,1,1,0,0,0
431.08,25.0,59,0,1,0,1,0,0
592.24,140.0,52,0,1,1,0,0,0
200.19,108.0,52,1,0,0,1,0,0
297.5,80.0,73,1,0,0,1,0,0
345.86,145.0,51,0,1,1,0,0,0
343.88,97.0,63,0,1,0,0,1,0
16.519999999999982,135.0,25,1,0,0,0,1,1
162.1,151.0,41,0,1,0,1,0,1
36.120000000000005,234.0,22,0,1,0,0,1,1
354.91,191.0,74,0,1,1,0,0,0
38.410000000000025,117.0,40,0,1,1,0,0,1
53.52000000000001,55.0,49,0,1,0,1,0,0
498.59,138.0,57,0,1,0,0,1,0
13.300000000000011,63.0,23,0,1,1,0,0,1
189.65,60.0,21,0,1,1,0,0,1
255.32,27.0,80,0,1,1,0,0,0
230.51,56.0,51,1,0,0,1,0,0
237.74,152.0,61,0,1,1,0,0,0
512.76,26.0,52,0,1,1,0,0,0
151.36999999999998,53.0,54,0,1,1,0,0,0
85.01000000000002,157.0,25,1,0,1,0,0,1
444.47,61.0,57,0,1,0,0,1,0
184.19,58.0,67,0,1,1,0,0,0
55.97999999999999,87.0,24,1,0,0,1,0,1
54.91,275.0,41,1,0,1,0,0,1
393.74,90.0,26,0,1,0,0,1,1
58.94,26.0,30,0,1,0,0,1,1
515.57,56.0,27,0,1,1,0,0,1
332.15,105.0,59,0,1,1,0,0,0
177.94,173.0,19,0,1,0,0,1,1
68.68,141.0,49,0,1,0,0,1,0
240.03,31.0,33,0,1,0,0,1,1
168.34,240.0,64,0,1,1,0,0,0
474.77,284.0,46,0,1,0,0,1,0
451.7,103.0,29,0,1,0,0,1,1
243.85,43.0,39,0,1,0,1,0,1
5.759999999999991,164.0,38,0,1,0,1,0,1
435.08,78.0,55,0,1,0,0,1,0
127.78,170.0,20,0,1,1,0,0,1
23.139999999999986,93.0,47,1,0,0,0,1,0
545.87,41.0,27,0,1,0,1,0,1
21.20999999999998,37.0,55,0,1,0,0,1,0
423.53,81.0,50,1,0,0,1,0,0
142.1,109.0,18,1,0,0,0,1,1
114.15,52.0,19,0,1,1,0,0,1
275.98,67.0,72,1,0,0,0,1,0
590.68,23.0,27,0,1,0,1,0,1
152.42,176.0,42,0,1,1,0,0,1
395.77,118.0,43,1,0,0,1,0,1
615.16,140.0,26,0,1,0,0,1,1
207.82,30.0,19,1,0,0,0,1,1
220.52,152.0,57,0,1,1,0,0,0
281.47,142.0,34,0,1,1,0,0,1
57.91,97.0,58,1,0,0,1,0,0
30.480000000000018,78.0,32,1,0,0,1,0,1
453.09,97.0,48,0,1,0,1,0,0
424.47,116.0,22,0,1,0,0,1,1
228.4,116.0,67,0,1,1,0,0,0
67.17000000000002,47.999999999999986,63,0,1,0,0,1,0
284.89,115.0,53,0,1,0,0,1,0
118.68999999999997,296.0,33,0,1,0,0,1,1
221.33,276.0,27,0,1,1,0,0,1
252.31,172.0,26,1,0,1,0,0,1
58.849999999999994,115.0,71,1,0,0,0,1,0
194.68,165.0,32,0,1,0,0,1,1
433.53,231.0,38,0,1,0,1,0,1
178.26,59.0,59,0,1,1,0,0,0
207.65,98.0,34,0,1,0,0,1,1
237.0,115.0,49,0,1,0,0,1,0
347.63,272.0,25,1,0,0,0,1,1
517.68,24.0,31,0,1,1,0,0,1
36.25,76.0,52,0,1,0,1,0,0
46.52999999999997,34.0,42,0,1,1,0,0,1
207.47,12.0,53,0,1,1,0,0,0
199.7,285.0,43,0,1,1,0,0,1
307.89,90.0,62,1,0,0,0,1,0
403.63,167.0,31,0,1,0,1,0,1
20.060000000000002,144.0,27,0,1,1,0,0,1
236.57,112.0,79,0,1,1,0,0,0
0.3199999999999932,136.0,39,0,1,1,0,0,1
14.279999999999973,81.0,23,0,1,1,0,0,1
232.35,153.0,33,1,0,0,1,0,1
317.53,104.0,44,0,1,0,0,1,1
74.67000000000002,283.0,43,0,1,1,0,0,1
65.00999999999999,67.0,29,1,0,0,0,1,1
0.44999999999998863,172.0,34,0,1,0,1,0,1
364.13,61.0,63,0,1,1,0,0,0
340.13,32.0,24,0,1,0,1,0,1
15.810000000000002,11.0,69,0,1,0,1,0,0
222.66,88.0,39,0,1,0,0,1,1
638.24,64.0,48,0,1,0,1,0,0
241.21,108.0,31,0,1,1,0,0,1
171.16,42.0,51,0,1,0,0,1,0
37.64999999999998,109.0,27,1,0,0,0,1,1
25.769999999999982,18.0,68,0,1,0,0,1,0
308.85,33.0,20,1,0,0,1,0,1
364.81,53.0,25,0,1,0,0,1,1
490.82,114.0,26,0,1,1,0,0,1
311.28,198.0,49,0,1,0,1,0,0
85.03,47.999999999999986,51,0,1,1,0,0,0
307.75,63.0,64,0,1,0,1,0,0
333.67,68.0,36,0,1,0,0,1,1
589.89,213.0,56,0,1,0,1,0,0
372.08,63.0,66,0,1,0,1,0,0
502.9,141.0,26,1,0,0,0,1,1
103.81,34.0,36,0,1,1,0,0,1
69.43,162.0,30,0,1,1,0,0,1
110.4,62.0,56,1,0,1,0,0,0
275.65,14.0,28,1,0,0,1,0,1
336.01,121.0,63,0,1,0,0,1,0
251.8,102.0,62,0,1,1,0,0,0
334.07,200.0,59,0,1,0,1,0,0
52.44,87.0,27,0,1,0,0,1,1
141.37,77.0,46,0,1,0,0,1,0
211.7,205.0,50,1,0,0,0,1,0
61.400000000000006,20.0,41,0,1,0,1,0,1
308.23,23.0,60,0,1,1,0,0,0
111.41,181.0,21,0,1,0,1,0,1
675.49,159.0,61,0,1,1,0,0,0
29.71999999999997,38.0,26,0,1,1,0,0,1
301.73,163.0,67,0,1,0,0,1,0
294.61,74.0,60,0,1,0,1,0,0
106.43,164.0,52,1,0,1,0,0,0
381.52,79.0,36,0,1,0,0,1,1
5.660000000000025,33.0,40,0,1,0,1,0,1
209.09,203.0,48,0,1,1,0,0,0
521.81,34.0,47,0,1,1,0,0,0
588.36,134.0,33,0,1,0,0,1,1
146.67,273.0,20,0,1,0,0,1,1
176.52,94.0,73,1,0,0,0,1,0
57.34,81.0,27,0,1,0,0,1,1
294.77,101.0,77,0,1,0,0,1,0
162.59,19.0,64,0,1,0,1,0,0
56.150000000000006,77.0,31,0,1,0,1,0,1
524.55,175.0,39,0,1,1,0,0,1
535.4,110.0,23,0,1,0,1,0,1
56.84,185.0,45,0,1,1,0,0,0
135.94000000000003,258.0,71,0,1,0,1,0,0
47.099999999999994,178.0,42,1,0,0,1,0,1
124.05000000000001,220.0,61,1,0,0,1,0,0
193.16,109.0,64,0,1,1,0,0,0
541.52,161.0,48,1,0,0,1,0,0
20.170000000000016,86.0,77,0,1,1,0,0,0
35.98000000000002,133.0,40,1,0,0,1,0,1
273.24,173.0,51,0,1,0,1,0,0
663.45,147.0,67,0,1,1,0,0,0
343.86,70.0,57,0,1,0,1,0,0
69.38,280.0,69,0,1,0,1,0,0
75.43,266.0,77,0,1,1,0,0,0
414.64,74.0,32,0,1,0,1,0,1
86.79000000000005,166.0,33,0,1,0,1,0,1
14.100000000000023,73.0,45,0,1,0,1,0,0
63.329999999999984,124.0,23,1,0,0,1,0,1
606.27,42.0,29,0,1,0,1,0,1
4.470000000000027,132.0,27,0,1,0,1,0,1
289.01,96.0,66,0,1,0,0,1,0
338.69,169.0,18,0,1,0,1,0,1
97.73000000000002,156.0,69,0,1,0,1,0,0
27.610000000000014,26.0,54,1,0,1,0,0,0
284.17,189.0,51,0,1,1,0,0,0
76.20999999999998,69.0,22,0,1,0,1,0,1
334.79,292.0,69,1,0,0,1,0,0
584.51,76.0,74,0,1,1,0,0,0
432.18,162.0,18,0,1,0,1,0,1
134.55,165.0,59,0,1,0,0,1,0
61.66,86.0,26,0,1,1,0,0,1
12.350000000000023,22.0,25,0,1,0,1,0,1
213.25,63.0,25,0,1,0,1,0,1
34.93000000000001,72.0,31,0,1,0,1,0,1
335.68,142.0,24,0,1,0,0,1,1
423.96,75.0,43,0,1,1,0,0,1
361.38,71.0,72,1,0,0,0,1,0
220.82,31.0,42,0,1,0,1,0,1
717.36,138.0,22,1,0,0,0,1,1
406.12,106.0,42,0,1,1,0,0,1
427.83,29.0,47,0,1,1,0,0,0
416.62,67.0,26,1,0,0,0,1,1
21.899999999999977,30.0,28,0,1,1,0,0,1
717.74,168.0,42,1,0,0,0,1,1
393.68,141.0,55,0,1,1,0,0,0
281.91,269.0,25,0,1,0,1,0,1
239.85,50.0,70,0,1,1,0,0,0
237.84,16.0,26,0,1,0,1,0,1
459.29,109.0,64,1,0,0,0,1,0
196.49,65.0,41,0,1,0,1,0,1
21.230000000000018,103.0,23,0,1,1,0,0,1
95.23000000000002,60.0,20,0,1,0,0,1,1
344.87,25.0,58,0,1,0,1,0,0
129.62,124.0,23,1,0,1,0,0,1
16.53000000000003,220.0,21,0,1,1,0,0,1
277.02,227.0,46,1,0,1,0,0,0
13.019999999999982,42.0,51,0,1,0,1,0,0
199.02,185.0,22,0,1,1,0,0,1
684.5,76.0,29,0,1,0,1,0,1
45.920000000000016,23.0,26,0,1,1,0,0,1
761.73,27.0,19,0,1,1,0,0,1
331.38,122.0,42,0,1,1,0,0,1
602.8,173.0,60,0,1,0,1,0,0
64.12,222.0,57,1,0,0,1,0,0
57.379999999999995,86.0,28,0,1,0,0,1,1
94.64000000000001,144.0,28,1,0,1,0,0,1
155.56,64.0,19,1,0,0,1,0,1
301.39,104.0,47,1,0,0,0,1,0
136.31,65.0,74,0,1,0,0,1,0
4.389999999999986,63.0,26,0,1,1,0,0,1
429.25,107.0,29,0,1,0,0,1,1
138.54,93.0,60,1,0,0,1,0,0
33.03000000000003,28.0,21,0,1,0,1,0,1
76.38999999999996,80.0,30,0,1,0,0,1,1
25.319999999999993,25.0,19,0,1,1,0,0,1
330.91,28.0,36,0,1,1,0,0,1
153.55,16.0,37,0,1,0,0,1,1
217.61,120.0,27,0,1,0,0,1,1
131.69,59.0,53,1,0,0,1,0,0
68.49000000000001,49.0,67,0,1,0,0,1,0
470.62,127.0,57,0,1,0,1,0,0
385.35,269.0,38,0,1,0,1,0,1
74.72,132.0,26,0,1,0,0,1,1
352.03,219.0,27,1,0,0,0,1,1
275.87,112.0,25,0,1,1,0,0,1
90.94,56.0,63,1,0,1,0,0,0
206.25,56.0,74,0,1,1,0,0,0
116.75999999999996,212.0,51,0,1,1,0,0,0
91.5,77.0,47,0,1,1,0,0,0
489.31,36.0,43,0,1,0,1,0,1
414.49,108.0,58,1,0,0,0,1,0
315.13,143.0,30,0,1,0,1,0,1
28.379999999999995,260.0,45,0,1,0,1,0,0
456.05,20.0,68,0,1,0,1,0,0
277.22,41.0,35,0,1,0,1,0,1
54.84,124.0,52,0,1,0,0,1,0
29.920000000000016,63.0,68,1,0,0,0,1,0
133.06000000000003,143.0,35,0,1,0,0,1,1
332.06,221.0,29,0,1,1,0,0,1
14.339999999999975,24.0,67,1,0,0,0,1,0
468.32,152.0,69,0,1,0,0,1,0
582.17,135.0,57,0,1,0,1,0,0
245.62,127.0,23,0,1,0,1,0,1
83.6,192.0,47,0,1,1,0,0,0
331.22,161.0,61,1,0,0,1,0,0
57.49000000000001,177.0,24,1,0,0,0,1,1
85.57999999999998,60.0,55,0,1,1,0,0,0
157.56,159.0,43,0,1,0,1,0,1
230.3,24.0,46,0,1,0,0,1,0
305.92,88.0,72,0,1,1,0,0,0
116.32999999999998,144.0,27,0,1,0,1,0,1
537.71,175.0,19,1,0,0,0,1,1
538.17,252.0,27,1,0,0,1,0,1
219.44,23.0,42,0,1,0,0,1,1
61.620000000000005,19.0,57,0,1,0,0,1,0
58.77000000000001,191.0,27,0,1,0,0,1,1
538.13,165.0,62,0,1,1,0,0,0
177.05,235.0,24,0,1,0,1,0,1
403.01,286.0,63,0,1,0,0,1,0
719.76,190.0,19,0,1,0,1,0,1
163.22,217.0,26,0,1,0,0,1,1
242.85,93.0,42,0,1,0,0,1,1
291.22,100.0,41,1,0,0,0,1,1
56.52000000000001,152.0,42,0,1,1,0,0,1
195.8,186.0,39,0,1,0,0,1,1
66.75999999999996,44.0,36,1,0,0,1,0,1
190.9,40.000000000000014,28,0,1,0,0,1,1
106.99000000000001,152.0,38,0,1,0,1,0,1
655.81,164.0,55,0,1,1,0,0,0
107.10000000000002,175.0,25,1,0,0,0,1,1
79.92000000000002,274.0,44,0,1,1,0,0,1
430.83,292.0,18,0,1,0,1,0,1
235.34,68.0,26,0,1,0,1,0,1
86.35,24.0,52,1,0,0,1,0,0
337.99,115.0,70,0,1,1,0,0,0
577.13,66.0,40,1,0,0,1,0,1
213.33,161.0,52,0,1,1,0,0,0
54.52000000000001,164.0,32,0,1,0,1,0,1
100.13,168.0,57,0,1,0,1,0,0
69.80000000000001,138.0,27,1,0,0,1,0,1
179.62,119.0,24,0,1,0,0,1,1
425.91,47.0,23,0,1,1,0,0,1
263.34,55.0,64,0,1,1,0,0,0
113.03,12.0,36,1,0,0,0,1,1
11.019999999999982,42.0,42,0,1,0,0,1,1
152.0,63.0,51,0,1,1,0,0,0
270.39,104.0,25,0,1,1,0,0,1
246.41,23.0,54,0,1,1,0,0,0
336.84,100.0,22,0,1,1,0,0,1
261.45,96.0,50,1,0,0,0,1,0
99.98000000000002,152.0,73,1,0,0,0,1,0
400.69,26.0,32,0,1,0,0,1,1
411.47,120.0,26,0,1,1,0,0,1
204.63,92.0,52,0,1,0,0,1,0
421.56,144.0,53,0,1,0,0,1,0
193.38,285.0,18,0,1,1,0,0,1
377.04,64.0,34,0,1,1,0,0,1
54.099999999999994,17.0,28,1,0,0,1,0,1
18.100000000000023,66.0,57,0,1,1,0,0,0
408.62,159.0,48,1,0,0,0,1,0
162.1,221.0,64,0,1,0,1,0,0
165.31,28.0,49,0,1,1,0,0,0
267.48,159.0,21,0,1,1,0,0,1
433.9,37.0,65,0,1,0,0,1,0
271.22,87.0,45,1,0,1,0,0,0
307.68,162.0,75,1,0,0,0,1,0
348.17,181.0,21,0,1,1,0,0,1
43.099999999999994,102.0,25,0,1,0,1,0,1
557.78,102.0,26,1,0,0,1,0,1
325.6,88.0,69,0,1,1,0,0,0
235.83,169.0,53,1,0,0,0,1,0
603.54,26.0,44,0,1,0,0,1,1
270.25,42.0,31,0,1,1,0,0,1
123.38,40.000000000000014,59,0,1,0,0,1,0
577.12,69.0,39,0,1,1,0,0,1
92.24000000000001,93.0,60,0,1,0,1,0,0
251.54,177.0,48,0,1,0,1,0,0
28.629999999999995,146.0,56,0,1,0,1,0,0
185.97,19.0,23,0,1,0,0,1,1
243.08,93.0,24,1,0,0,0,1,1
